source_cif,source_account_no,source_customer_name,source_cif_type_name,source_entity_name,source_kode_dinas,source_kode_dinas_desc,source_kode_sub_dinas,source_kode_sub_dinas_desc,source_kode_sub_sub_dinas,source_kode_sub_sub_dinas_desc,dest_cif,dest_account_no,dest_customer_name,dest_cif_type_name,dest_entity_name,dest_kode_dinas,dest_kode_dinas_desc,dest_kode_sub_dinas,dest_kode_sub_dinas_desc,dest_kode_sub_sub_dinas,dest_kode_sub_sub_dinas_desc,transaction_name,jenis_transaksi,amount,dt_id,group_channel,loadtime,datadt
CIF1002,1000000002,CV Maju Bersama,Individu,Bank ABC,KD04,Kantor Cabang C,KSD03,Divisi Operasional,KSSD01,Sub Divisi Jaringan,CIF1000,1000000000,CV Maju Bersama,Yayasan,Bank BCD,KD03,Kantor Cabang B,KSD01,Divisi IT,KSSD05,Sub Divisi Hukum,Pencairan Pinjaman,Debit,4572452,20250629,Mobile Banking,2025-06-29 14:48:45,2025-06-29
CIF1005,1000000005,Dewi Lestari,Yayasan,Bank DEF,KD04,Kantor Cabang C,KSD05,Divisi Legal,KSSD01,Sub Divisi Jaringan,CIF1006,1000000006,Siti Aminah,Yayasan,Bank BCD,KD01,Kantor Pusat,KSD05,Divisi Legal,KSSD04,Sub Divisi Promosi,Transfer Antar Bank,Kredit,4317892,20250625,ATM,2025-06-25 13:30:35,2025-06-25
CIF1009,1000000009,PT Cahaya Abadi,Individu,Bank DEF,KD04,Kantor Cabang C,KSD01,Divisi IT,KSSD05,Sub Divisi Hukum,CIF1004,1000000004,Siti Aminah,Korporasi,Bank XYZ,KD01,Kantor Pusat,KSD05,Divisi Legal,KSSD05,Sub Divisi Hukum,Setor Tunai,Kredit,4025717,20250614,Internet Banking,2025-06-14 14:48:15,2025-06-14
CIF1009,1000000009,PT Cahaya Abadi,Individu,Bank DEF,KD04,Kantor Cabang C,KSD01,Divisi IT,KSSD05,Sub Divisi Hukum,CIF1007,1000000007,Dian Novita,Yayasan,Bank BCD,KD03,Kantor Cabang B,KSD05,Divisi Legal,KSSD02,Sub Divisi Akuntansi,Pembayaran Tagihan,Kredit,2648869,20250623,Mobile Banking,2025-06-23 17:24:52,2025-06-23
CIF1006,1000000006,Siti Aminah,Yayasan,Bank BCD,KD01,Kantor Pusat,KSD05,Divisi Legal,KSSD04,Sub Divisi Promosi,CIF1008,1000000008,CV Maju Bersama,Korporasi,Bank DEF,KD03,Kantor Cabang B,KSD03,Divisi Operasional,KSSD03,Sub Divisi Logistik,Tarik Tunai,Debit,2865579,20250617,Kantor Cabang,2025-06-17 12:49:05,2025-06-17
CIF1005,1000000005,Dewi Lestari,Yayasan,Bank DEF,KD04,Kantor Cabang C,KSD05,Divisi Legal,KSSD01,Sub Divisi Jaringan,CIF1000,1000000000,CV Maju Bersama,Yayasan,Bank BCD,KD03,Kantor Cabang B,KSD01,Divisi IT,KSSD05,Sub Divisi Hukum,Tarik Tunai,Kredit,3620036,20250624,Teller,2025-06-24 10:03:41,2025-06-24
CIF1004,1000000004,Siti Aminah,Korporasi,Bank XYZ,KD01,Kantor Pusat,KSD05,Divisi Legal,KSSD05,Sub Divisi Hukum,CIF1009,1000000009,PT Cahaya Abadi,Individu,Bank DEF,KD04,Kantor Cabang C,KSD01,Divisi IT,KSSD05,Sub Divisi Hukum,Transfer Sesama Bank,Debit,3484728,20250621,Teller,2025-06-21 16:08:45,2025-06-21
CIF1007,1000000007,Dian Novita,Yayasan,Bank BCD,KD03,Kantor Cabang B,KSD05,Divisi Legal,KSSD02,Sub Divisi Akuntansi,CIF1008,1000000008,CV Maju Bersama,Korporasi,Bank DEF,KD03,Kantor Cabang B,KSD03,Divisi Operasional,KSSD03,Sub Divisi Logistik,Pembelian Online,Kredit,1955353,20250609,Teller,2025-06-09 16:17:11,2025-06-09
CIF1000,1000000000,CV Maju Bersama,Yayasan,Bank BCD,KD03,Kantor Cabang B,KSD01,Divisi IT,KSSD05,Sub Divisi Hukum,CIF1009,1000000009,PT Cahaya Abadi,Individu,Bank DEF,KD04,Kantor Cabang C,KSD01,Divisi IT,KSSD05,Sub Divisi Hukum,Setor Tunai,Kredit,1505898,20250625,Kantor Cabang,2025-06-25 13:28:23,2025-06-25
CIF1000,1000000000,CV Maju Bersama,Yayasan,Bank BCD,KD03,Kantor Cabang B,KSD01,Divisi IT,KSSD05,Sub Divisi Hukum,CIF1005,1000000005,Dewi Lestari,Yayasan,Bank DEF,KD04,Kantor Cabang C,KSD05,Divisi Legal,KSSD01,Sub Divisi Jaringan,Pencairan Pinjaman,Kredit,4428320,20250624,Internet Banking,2025-06-24 14:50:51,2025-06-24
CIF1009,1000000009,PT Cahaya Abadi,Individu,Bank DEF,KD04,Kantor Cabang C,KSD01,Divisi IT,KSSD05,Sub Divisi Hukum,CIF1006,1000000006,Siti Aminah,Yayasan,Bank BCD,KD01,Kantor Pusat,KSD05,Divisi Legal,KSSD04,Sub Divisi Promosi,Transfer Sesama Bank,Kredit,3408164,20250601,Internet Banking,2025-06-01 14:12:36,2025-06-01
CIF1009,1000000009,PT Cahaya Abadi,Individu,Bank DEF,KD04,Kantor Cabang C,KSD01,Divisi IT,KSSD05,Sub Divisi Hukum,CIF1002,1000000002,CV Maju Bersama,Individu,Bank ABC,KD04,Kantor Cabang C,KSD03,Divisi Operasional,KSSD01,Sub Divisi Jaringan,Pencairan Pinjaman,Kredit,4537287,20250623,Internet Banking,2025-06-23 13:45:02,2025-06-23
CIF1008,1000000008,CV Maju Bersama,Korporasi,Bank DEF,KD03,Kantor Cabang B,KSD03,Divisi Operasional,KSSD03,Sub Divisi Logistik,CIF1003,1000000003,Ani Wijaya,Yayasan,Bank BCD,KD02,Kantor Cabang A,KSD05,Divisi Legal,KSSD02,Sub Divisi Akuntansi,Pembayaran Tagihan,Kredit,3913496,20250615,ATM,2025-06-15 14:41:25,2025-06-15
CIF1000,1000000000,CV Maju Bersama,Yayasan,Bank BCD,KD03,Kantor Cabang B,KSD01,Divisi IT,KSSD05,Sub Divisi Hukum,CIF1003,1000000003,Ani Wijaya,Yayasan,Bank BCD,KD02,Kantor Cabang A,KSD05,Divisi Legal,KSSD02,Sub Divisi Akuntansi,Transfer Sesama Bank,Kredit,3095119,20250614,ATM,2025-06-14 10:58:08,2025-06-14
CIF1003,1000000003,Ani Wijaya,Yayasan,Bank BCD,KD02,Kantor Cabang A,KSD05,Divisi Legal,KSSD02,Sub Divisi Akuntansi,CIF1005,1000000005,Dewi Lestari,Yayasan,Bank DEF,KD04,Kantor Cabang C,KSD05,Divisi Legal,KSSD01,Sub Divisi Jaringan,Setor Tunai,Debit,4105329,20250628,Teller,2025-06-28 09:43:18,2025-06-28
CIF1000,1000000000,CV Maju Bersama,Yayasan,Bank BCD,KD03,Kantor Cabang B,KSD01,Divisi IT,KSSD05,Sub Divisi Hukum,CIF1001,1000000001,Rudi Pratama,Yayasan,Bank DEF,KD02,Kantor Cabang A,KSD02,Divisi Keuangan,KSSD01,Sub Divisi Jaringan,Transfer Antar Bank,Kredit,2995090,20250607,Teller,2025-06-07 17:54:55,2025-06-07
CIF1001,1000000001,Rudi Pratama,Yayasan,Bank DEF,KD02,Kantor Cabang A,KSD02,Divisi Keuangan,KSSD01,Sub Divisi Jaringan,CIF1004,1000000004,Siti Aminah,Korporasi,Bank XYZ,KD01,Kantor Pusat,KSD05,Divisi Legal,KSSD05,Sub Divisi Hukum,Pembayaran Tagihan,Kredit,4707145,20250613,Kantor Cabang,2025-06-13 17:57:09,2025-06-13
CIF1009,1000000009,PT Cahaya Abadi,Individu,Bank DEF,KD04,Kantor Cabang C,KSD01,Divisi IT,KSSD05,Sub Divisi Hukum,CIF1007,1000000007,Dian Novita,Yayasan,Bank BCD,KD03,Kantor Cabang B,KSD05,Divisi Legal,KSSD02,Sub Divisi Akuntansi,Pembelian Online,Kredit,4311611,20250626,Teller,2025-06-26 11:28:23,2025-06-26
CIF1007,1000000007,Dian Novita,Yayasan,Bank BCD,KD03,Kantor Cabang B,KSD05,Divisi Legal,KSSD02,Sub Divisi Akuntansi,CIF1009,1000000009,PT Cahaya Abadi,Individu,Bank DEF,KD04,Kantor Cabang C,KSD01,Divisi IT,KSSD05,Sub Divisi Hukum,Transfer Antar Bank,Debit,3184633,20250630,Mobile Banking,2025-06-30 17:25:53,2025-06-30
CIF1002,1000000002,CV Maju Bersama,Individu,Bank ABC,KD04,Kantor Cabang C,KSD03,Divisi Operasional,KSSD01,Sub Divisi Jaringan,CIF1004,1000000004,Siti Aminah,Korporasi,Bank XYZ,KD01,Kantor Pusat,KSD05,Divisi Legal,KSSD05,Sub Divisi Hukum,Pembayaran Gaji,Debit,1898363,20250614,Internet Banking,2025-06-14 11:45:48,2025-06-14
CIF1030,1000000030,Dian Novita,Korporasi,Bank BCD,KD02,Kantor Cabang A,KSD02,Divisi Keuangan,KSSD05,Sub Divisi Hukum,CIF1130,1000000130,CV Maju Bersama,Yayasan,Bank DEF,KD03,Kantor Cabang B,KSD01,Divisi IT,KSSD02,Sub Divisi Akuntansi,Transfer Sesama Bank,Debit,4561543,20250628,Kantor Cabang,2025-06-28 14:15:54,2025-06-28
CIF1031,1000000031,CV Maju Bersama,Individu,Bank BCD,KD02,Kantor Cabang A,KSD03,Divisi Operasional,KSSD05,Sub Divisi Hukum,CIF1131,1000000131,Siti Aminah,Yayasan,Bank BCD,KD01,Kantor Pusat,KSD01,Divisi IT,KSSD01,Sub Divisi Jaringan,Transfer Antar Bank,Debit,4495835,20250613,Kantor Cabang,2025-06-13 14:29:35,2025-06-13
CIF1032,1000000032,CV Maju Bersama,Yayasan,Bank XYZ,KD02,Kantor Cabang A,KSD02,Divisi Keuangan,KSSD04,Sub Divisi Promosi,CIF1132,1000000132,Budi Santoso,Yayasan,Bank BCD,KD04,Kantor Cabang C,KSD02,Divisi Keuangan,KSSD04,Sub Divisi Promosi,Pencairan Pinjaman,Kredit,3113728,20250607,Kantor Cabang,2025-06-07 13:05:57,2025-06-07
CIF1033,1000000033,Rudi Pratama,Individu,Bank ABC,KD02,Kantor Cabang A,KSD03,Divisi Operasional,KSSD02,Sub Divisi Akuntansi,CIF1133,1000000133,Joko Susilo,Yayasan,Bank ABC,KD01,Kantor Pusat,KSD01,Divisi IT,KSSD02,Sub Divisi Akuntansi,Tarik Tunai,Debit,2192347,20250624,Mobile Banking,2025-06-24 10:47:40,2025-06-24
CIF1034,1000000034,Dian Novita,Korporasi,Bank DEF,KD02,Kantor Cabang A,KSD04,Divisi Pemasaran,KSSD03,Sub Divisi Logistik,CIF1134,1000000134,Siti Aminah,Individu,Bank BCD,KD03,Kantor Cabang B,KSD04,Divisi Pemasaran,KSSD04,Sub Divisi Promosi,Transfer Antar Bank,Debit,1737572,20250615,Internet Banking,2025-06-15 11:01:02,2025-06-15
CIF1035,1000000035,Budi Santoso,Individu,Bank BCD,KD02,Kantor Cabang A,KSD03,Divisi Operasional,KSSD04,Sub Divisi Promosi,CIF1135,1000000135,Budi Santoso,Korporasi,Bank ABC,KD02,Kantor Cabang A,KSD03,Divisi Operasional,KSSD05,Sub Divisi Hukum,Tarik Tunai,Kredit,620528,20250628,Mobile Banking,2025-06-28 17:52:28,2025-06-28
CIF1036,1000000036,Rudi Pratama,Individu,Bank ABC,KD04,Kantor Cabang C,KSD03,Divisi Operasional,KSSD05,Sub Divisi Hukum,CIF1136,1000000136,Rudi Pratama,Yayasan,Bank XYZ,KD04,Kantor Cabang C,KSD04,Divisi Pemasaran,KSSD05,Sub Divisi Hukum,Pembelian Online,Kredit,2475734,20250605,Internet Banking,2025-06-05 14:14:02,2025-06-05
CIF1037,1000000037,Rudi Pratama,Individu,Bank XYZ,KD03,Kantor Cabang B,KSD01,Divisi IT,KSSD02,Sub Divisi Akuntansi,CIF1137,1000000137,CV Maju Bersama,Individu,Bank XYZ,KD03,Kantor Cabang B,KSD02,Divisi Keuangan,KSSD05,Sub Divisi Hukum,Transfer Sesama Bank,Debit,2969968,20250612,Internet Banking,2025-06-12 17:59:50,2025-06-12
CIF1038,1000000038,Budi Santoso,Individu,Bank ABC,KD01,Kantor Pusat,KSD02,Divisi Keuangan,KSSD04,Sub Divisi Promosi,CIF1138,1000000138,Siti Aminah,Yayasan,Bank XYZ,KD02,Kantor Cabang A,KSD03,Divisi Operasional,KSSD01,Sub Divisi Jaringan,Pembayaran Tagihan,Debit,4082894,20250624,Teller,2025-06-24 09:37:02,2025-06-24
CIF1039,1000000039,Rudi Pratama,Yayasan,Bank DEF,KD03,Kantor Cabang B,KSD05,Divisi Legal,KSSD03,Sub Divisi Logistik,CIF1139,1000000139,PT Cahaya Abadi,Korporasi,Bank ABC,KD03,Kantor Cabang B,KSD02,Divisi Keuangan,KSSD03,Sub Divisi Logistik,Transfer Sesama Bank,Debit,867731,20250602,Mobile Banking,2025-06-02 14:45:44,2025-06-02
CIF1040,1000000040,Dian Novita,Korporasi,Bank ABC,KD03,Kantor Cabang B,KSD04,Divisi Pemasaran,KSSD04,Sub Divisi Promosi,CIF1140,1000000140,Ani Wijaya,Individu,Bank DEF,KD03,Kantor Cabang B,KSD04,Divisi Pemasaran,KSSD04,Sub Divisi Promosi,Transfer Antar Bank,Kredit,4114583,20250613,Teller,2025-06-13 10:37:22,2025-06-13
CIF1041,1000000041,Siti Aminah,Yayasan,Bank DEF,KD03,Kantor Cabang B,KSD03,Divisi Operasional,KSSD05,Sub Divisi Hukum,CIF1141,1000000141,CV Maju Bersama,Yayasan,Bank XYZ,KD02,Kantor Cabang A,KSD02,Divisi Keuangan,KSSD01,Sub Divisi Jaringan,Setor Tunai,Kredit,4878317,20250603,Kantor Cabang,2025-06-03 09:10:59,2025-06-03
CIF1042,1000000042,CV Maju Bersama,Korporasi,Bank ABC,KD02,Kantor Cabang A,KSD04,Divisi Pemasaran,KSSD01,Sub Divisi Jaringan,CIF1142,1000000142,Dewi Lestari,Korporasi,Bank DEF,KD04,Kantor Cabang C,KSD01,Divisi IT,KSSD01,Sub Divisi Jaringan,Pembelian Online,Kredit,3426079,20250606,Teller,2025-06-06 14:46:08,2025-06-06
CIF1043,1000000043,Yayasan Harapan Bangsa,Korporasi,Bank ABC,KD02,Kantor Cabang A,KSD01,Divisi IT,KSSD04,Sub Divisi Promosi,CIF1143,1000000143,Rudi Pratama,Korporasi,Bank XYZ,KD01,Kantor Pusat,KSD03,Divisi Operasional,KSSD04,Sub Divisi Promosi,Pembayaran Tagihan,Kredit,1138457,20250628,Kantor Cabang,2025-06-28 12:31:29,2025-06-28
CIF1044,1000000044,Rudi Pratama,Individu,Bank DEF,KD02,Kantor Cabang A,KSD05,Divisi Legal,KSSD04,Sub Divisi Promosi,CIF1144,1000000144,Rudi Pratama,Yayasan,Bank ABC,KD03,Kantor Cabang B,KSD01,Divisi IT,KSSD04,Sub Divisi Promosi,Pencairan Pinjaman,Debit,223053,20250620,Teller,2025-06-20 16:15:09,2025-06-20
CIF1045,1000000045,PT Cahaya Abadi,Yayasan,Bank ABC,KD03,Kantor Cabang B,KSD03,Divisi Operasional,KSSD05,Sub Divisi Hukum,CIF1145,1000000145,Ani Wijaya,Korporasi,Bank DEF,KD04,Kantor Cabang C,KSD05,Divisi Legal,KSSD01,Sub Divisi Jaringan,Pembayaran Tagihan,Debit,3542208,20250630,Kantor Cabang,2025-06-30 12:55:58,2025-06-30
CIF1046,1000000046,Joko Susilo,Korporasi,Bank XYZ,KD03,Kantor Cabang B,KSD01,Divisi IT,KSSD01,Sub Divisi Jaringan,CIF1146,1000000146,Ani Wijaya,Yayasan,Bank ABC,KD02,Kantor Cabang A,KSD03,Divisi Operasional,KSSD03,Sub Divisi Logistik,Setor Tunai,Kredit,1325226,20250621,Mobile Banking,2025-06-21 09:50:43,2025-06-21
CIF1047,1000000047,Ani Wijaya,Korporasi,Bank DEF,KD04,Kantor Cabang C,KSD03,Divisi Operasional,KSSD03,Sub Divisi Logistik,CIF1147,1000000147,Siti Aminah,Yayasan,Bank ABC,KD04,Kantor Cabang C,KSD02,Divisi Keuangan,KSSD01,Sub Divisi Jaringan,Tarik Tunai,Debit,1964243,20250613,Mobile Banking,2025-06-13 13:55:30,2025-06-13
CIF1048,1000000048,Siti Aminah,Yayasan,Bank ABC,KD01,Kantor Pusat,KSD02,Divisi Keuangan,KSSD02,Sub Divisi Akuntansi,CIF1148,1000000148,CV Maju Bersama,Korporasi,Bank BCD,KD04,Kantor Cabang C,KSD05,Divisi Legal,KSSD03,Sub Divisi Logistik,Pembayaran Tagihan,Kredit,2817270,20250625,Teller,2025-06-25 11:55:57,2025-06-25
CIF1049,1000000049,Siti Aminah,Individu,Bank BCD,KD01,Kantor Pusat,KSD04,Divisi Pemasaran,KSSD02,Sub Divisi Akuntansi,CIF1149,1000000149,Dian Novita,Yayasan,Bank DEF,KD02,Kantor Cabang A,KSD01,Divisi IT,KSSD01,Sub Divisi Jaringan,Tarik Tunai,Debit,3599573,20250609,Internet Banking,2025-06-09 15:44:40,2025-06-09
CIF1050,1000000050,Joko Susilo,Yayasan,Bank DEF,KD03,Kantor Cabang B,KSD03,Divisi Operasional,KSSD04,Sub Divisi Promosi,CIF1150,1000000150,Rudi Pratama,Yayasan,Bank BCD,KD01,Kantor Pusat,KSD04,Divisi Pemasaran,KSSD04,Sub Divisi Promosi,Setor Tunai,Kredit,3041230,20250614,Mobile Banking,2025-06-14 08:09:17,2025-06-14
CIF1051,1000000051,PT Cahaya Abadi,Korporasi,Bank XYZ,KD04,Kantor Cabang C,KSD04,Divisi Pemasaran,KSSD02,Sub Divisi Akuntansi,CIF1151,1000000151,Yayasan Harapan Bangsa,Yayasan,Bank BCD,KD04,Kantor Cabang C,KSD02,Divisi Keuangan,KSSD01,Sub Divisi Jaringan,Tarik Tunai,Debit,3311002,20250605,Internet Banking,2025-06-05 16:47:36,2025-06-05
CIF1052,1000000052,CV Maju Bersama,Yayasan,Bank BCD,KD04,Kantor Cabang C,KSD05,Divisi Legal,KSSD05,Sub Divisi Hukum,CIF1152,1000000152,Ani Wijaya,Individu,Bank ABC,KD02,Kantor Cabang A,KSD05,Divisi Legal,KSSD04,Sub Divisi Promosi,Pembayaran Tagihan,Debit,4498091,20250605,ATM,2025-06-05 12:47:57,2025-06-05
CIF1053,1000000053,Dewi Lestari,Korporasi,Bank ABC,KD02,Kantor Cabang A,KSD04,Divisi Pemasaran,KSSD05,Sub Divisi Hukum,CIF1153,1000000153,CV Maju Bersama,Korporasi,Bank BCD,KD01,Kantor Pusat,KSD05,Divisi Legal,KSSD04,Sub Divisi Promosi,Pembayaran Tagihan,Debit,125507,20250610,Kantor Cabang,2025-06-10 14:46:29,2025-06-10
CIF1054,1000000054,Budi Santoso,Individu,Bank ABC,KD01,Kantor Pusat,KSD01,Divisi IT,KSSD03,Sub Divisi Logistik,CIF1154,1000000154,Dewi Lestari,Yayasan,Bank ABC,KD04,Kantor Cabang C,KSD01,Divisi IT,KSSD04,Sub Divisi Promosi,Pencairan Pinjaman,Kredit,1150699,20250605,Mobile Banking,2025-06-05 15:05:32,2025-06-05
CIF1055,1000000055,CV Maju Bersama,Individu,Bank DEF,KD04,Kantor Cabang C,KSD04,Divisi Pemasaran,KSSD03,Sub Divisi Logistik,CIF1155,1000000155,Siti Aminah,Korporasi,Bank XYZ,KD02,Kantor Cabang A,KSD03,Divisi Operasional,KSSD05,Sub Divisi Hukum,Pencairan Pinjaman,Debit,3250987,20250607,ATM,2025-06-07 13:45:56,2025-06-07
CIF1056,1000000056,Budi Santoso,Individu,Bank ABC,KD01,Kantor Pusat,KSD04,Divisi Pemasaran,KSSD05,Sub Divisi Hukum,CIF1156,1000000156,Joko Susilo,Yayasan,Bank ABC,KD02,Kantor Cabang A,KSD03,Divisi Operasional,KSSD04,Sub Divisi Promosi,Tarik Tunai,Debit,4435736,20250618,Mobile Banking,2025-06-18 13:00:06,2025-06-18
CIF1057,1000000057,Joko Susilo,Yayasan,Bank DEF,KD04,Kantor Cabang C,KSD05,Divisi Legal,KSSD03,Sub Divisi Logistik,CIF1157,1000000157,Budi Santoso,Yayasan,Bank XYZ,KD02,Kantor Cabang A,KSD03,Divisi Operasional,KSSD02,Sub Divisi Akuntansi,Transfer Antar Bank,Debit,2723239,20250629,Kantor Cabang,2025-06-29 12:55:16,2025-06-29
CIF1058,1000000058,PT Cahaya Abadi,Korporasi,Bank BCD,KD02,Kantor Cabang A,KSD02,Divisi Keuangan,KSSD01,Sub Divisi Jaringan,CIF1158,1000000158,Rudi Pratama,Korporasi,Bank XYZ,KD01,Kantor Pusat,KSD01,Divisi IT,KSSD03,Sub Divisi Logistik,Transfer Antar Bank,Debit,1835699,20250610,Internet Banking,2025-06-10 09:20:32,2025-06-10
CIF1059,1000000059,Ani Wijaya,Korporasi,Bank BCD,KD01,Kantor Pusat,KSD03,Divisi Operasional,KSSD05,Sub Divisi Hukum,CIF1159,1000000159,Yayasan Harapan Bangsa,Individu,Bank XYZ,KD01,Kantor Pusat,KSD02,Divisi Keuangan,KSSD03,Sub Divisi Logistik,Setor Tunai,Debit,2844986,20250619,Internet Banking,2025-06-19 09:49:48,2025-06-19
CIF1060,1000000060,PT Cahaya Abadi,Yayasan,Bank BCD,KD04,Kantor Cabang C,KSD04,Divisi Pemasaran,KSSD02,Sub Divisi Akuntansi,CIF1160,1000000160,PT Cahaya Abadi,Individu,Bank ABC,KD01,Kantor Pusat,KSD04,Divisi Pemasaran,KSSD01,Sub Divisi Jaringan,Setor Tunai,Kredit,2015134,20250608,Mobile Banking,2025-06-08 13:58:53,2025-06-08
CIF1061,1000000061,Ani Wijaya,Korporasi,Bank BCD,KD03,Kantor Cabang B,KSD03,Divisi Operasional,KSSD05,Sub Divisi Hukum,CIF1161,1000000161,Dian Novita,Korporasi,Bank BCD,KD03,Kantor Cabang B,KSD03,Divisi Operasional,KSSD02,Sub Divisi Akuntansi,Pembelian Online,Kredit,3638312,20250618,Internet Banking,2025-06-18 09:44:41,2025-06-18
CIF1062,1000000062,Joko Susilo,Korporasi,Bank DEF,KD04,Kantor Cabang C,KSD05,Divisi Legal,KSSD04,Sub Divisi Promosi,CIF1162,1000000162,Dian Novita,Korporasi,Bank DEF,KD03,Kantor Cabang B,KSD04,Divisi Pemasaran,KSSD02,Sub Divisi Akuntansi,Transfer Sesama Bank,Debit,3098346,20250602,Internet Banking,2025-06-02 17:59:06,2025-06-02
CIF1063,1000000063,Budi Santoso,Yayasan,Bank BCD,KD03,Kantor Cabang B,KSD04,Divisi Pemasaran,KSSD05,Sub Divisi Hukum,CIF1163,1000000163,Dian Novita,Individu,Bank ABC,KD04,Kantor Cabang C,KSD01,Divisi IT,KSSD02,Sub Divisi Akuntansi,Transfer Antar Bank,Kredit,4569395,20250606,Kantor Cabang,2025-06-06 15:07:56,2025-06-06
CIF1064,1000000064,Ani Wijaya,Individu,Bank ABC,KD04,Kantor Cabang C,KSD02,Divisi Keuangan,KSSD05,Sub Divisi Hukum,CIF1164,1000000164,Budi Santoso,Yayasan,Bank ABC,KD02,Kantor Cabang A,KSD03,Divisi Operasional,KSSD05,Sub Divisi Hukum,Setor Tunai,Debit,436143,20250612,Kantor Cabang,2025-06-12 13:30:35,2025-06-12
CIF1065,1000000065,Yayasan Harapan Bangsa,Korporasi,Bank XYZ,KD01,Kantor Pusat,KSD03,Divisi Operasional,KSSD05,Sub Divisi Hukum,CIF1165,1000000165,CV Maju Bersama,Individu,Bank BCD,KD03,Kantor Cabang B,KSD04,Divisi Pemasaran,KSSD05,Sub Divisi Hukum,Pencairan Pinjaman,Kredit,1983207,20250623,Kantor Cabang,2025-06-23 16:46:48,2025-06-23
CIF1066,1000000066,Ani Wijaya,Individu,Bank BCD,KD04,Kantor Cabang C,KSD05,Divisi Legal,KSSD05,Sub Divisi Hukum,CIF1166,1000000166,Rudi Pratama,Yayasan,Bank DEF,KD02,Kantor Cabang A,KSD01,Divisi IT,KSSD04,Sub Divisi Promosi,Tarik Tunai,Debit,595684,20250628,Internet Banking,2025-06-28 16:38:01,2025-06-28
CIF1067,1000000067,CV Maju Bersama,Individu,Bank BCD,KD04,Kantor Cabang C,KSD03,Divisi Operasional,KSSD05,Sub Divisi Hukum,CIF1167,1000000167,CV Maju Bersama,Yayasan,Bank BCD,KD01,Kantor Pusat,KSD02,Divisi Keuangan,KSSD01,Sub Divisi Jaringan,Pembayaran Tagihan,Debit,2448834,20250609,Kantor Cabang,2025-06-09 08:14:24,2025-06-09
CIF1068,1000000068,Rudi Pratama,Yayasan,Bank XYZ,KD03,Kantor Cabang B,KSD05,Divisi Legal,KSSD05,Sub Divisi Hukum,CIF1168,1000000168,Budi Santoso,Individu,Bank ABC,KD04,Kantor Cabang C,KSD05,Divisi Legal,KSSD04,Sub Divisi Promosi,Tarik Tunai,Debit,3324790,20250609,Kantor Cabang,2025-06-09 14:08:53,2025-06-09
CIF1069,1000000069,Yayasan Harapan Bangsa,Korporasi,Bank DEF,KD02,Kantor Cabang A,KSD03,Divisi Operasional,KSSD04,Sub Divisi Promosi,CIF1169,1000000169,Rudi Pratama,Individu,Bank ABC,KD01,Kantor Pusat,KSD05,Divisi Legal,KSSD05,Sub Divisi Hukum,Tarik Tunai,Kredit,4305953,20250625,Mobile Banking,2025-06-25 12:40:08,2025-06-25
CIF1070,1000000070,PT Cahaya Abadi,Korporasi,Bank BCD,KD02,Kantor Cabang A,KSD05,Divisi Legal,KSSD04,Sub Divisi Promosi,CIF1170,1000000170,Ani Wijaya,Yayasan,Bank XYZ,KD02,Kantor Cabang A,KSD02,Divisi Keuangan,KSSD04,Sub Divisi Promosi,Transfer Antar Bank,Kredit,3237572,20250615,Mobile Banking,2025-06-15 11:04:20,2025-06-15
CIF1071,1000000071,Ani Wijaya,Korporasi,Bank DEF,KD01,Kantor Pusat,KSD05,Divisi Legal,KSSD01,Sub Divisi Jaringan,CIF1171,1000000171,Rudi Pratama,Yayasan,Bank DEF,KD01,Kantor Pusat,KSD03,Divisi Operasional,KSSD01,Sub Divisi Jaringan,Transfer Sesama Bank,Debit,910432,20250628,ATM,2025-06-28 09:48:45,2025-06-28
CIF1072,1000000072,Yayasan Harapan Bangsa,Korporasi,Bank XYZ,KD02,Kantor Cabang A,KSD02,Divisi Keuangan,KSSD02,Sub Divisi Akuntansi,CIF1172,1000000172,CV Maju Bersama,Yayasan,Bank ABC,KD01,Kantor Pusat,KSD04,Divisi Pemasaran,KSSD01,Sub Divisi Jaringan,Tarik Tunai,Kredit,3837924,20250611,Internet Banking,2025-06-11 09:36:05,2025-06-11
CIF1073,1000000073,CV Maju Bersama,Korporasi,Bank ABC,KD04,Kantor Cabang C,KSD01,Divisi IT,KSSD04,Sub Divisi Promosi,CIF1173,1000000173,Siti Aminah,Individu,Bank ABC,KD02,Kantor Cabang A,KSD03,Divisi Operasional,KSSD03,Sub Divisi Logistik,Pembayaran Gaji,Debit,2453128,20250623,Kantor Cabang,2025-06-23 17:36:11,2025-06-23
CIF1074,1000000074,Ani Wijaya,Korporasi,Bank ABC,KD04,Kantor Cabang C,KSD03,Divisi Operasional,KSSD04,Sub Divisi Promosi,CIF1174,1000000174,Ani Wijaya,Yayasan,Bank BCD,KD02,Kantor Cabang A,KSD04,Divisi Pemasaran,KSSD04,Sub Divisi Promosi,Pembayaran Tagihan,Debit,2783106,20250605,ATM,2025-06-05 17:33:34,2025-06-05
CIF1075,1000000075,Budi Santoso,Yayasan,Bank ABC,KD02,Kantor Cabang A,KSD03,Divisi Operasional,KSSD05,Sub Divisi Hukum,CIF1175,1000000175,Budi Santoso,Individu,Bank DEF,KD03,Kantor Cabang B,KSD02,Divisi Keuangan,KSSD05,Sub Divisi Hukum,Setor Tunai,Kredit,4327933,20250626,Internet Banking,2025-06-26 14:16:42,2025-06-26
CIF1076,1000000076,Yayasan Harapan Bangsa,Individu,Bank BCD,KD04,Kantor Cabang C,KSD02,Divisi Keuangan,KSSD05,Sub Divisi Hukum,CIF1176,1000000176,Dewi Lestari,Korporasi,Bank ABC,KD02,Kantor Cabang A,KSD02,Divisi Keuangan,KSSD04,Sub Divisi Promosi,Transfer Sesama Bank,Debit,2560341,20250603,Kantor Cabang,2025-06-03 11:02:39,2025-06-03
CIF1077,1000000077,Yayasan Harapan Bangsa,Korporasi,Bank DEF,KD03,Kantor Cabang B,KSD01,Divisi IT,KSSD02,Sub Divisi Akuntansi,CIF1177,1000000177,Joko Susilo,Yayasan,Bank ABC,KD01,Kantor Pusat,KSD05,Divisi Legal,KSSD04,Sub Divisi Promosi,Transfer Antar Bank,Kredit,2988124,20250612,ATM,2025-06-12 17:39:45,2025-06-12
CIF1078,1000000078,Dewi Lestari,Individu,Bank DEF,KD04,Kantor Cabang C,KSD03,Divisi Operasional,KSSD01,Sub Divisi Jaringan,CIF1178,1000000178,Siti Aminah,Individu,Bank XYZ,KD01,Kantor Pusat,KSD03,Divisi Operasional,KSSD02,Sub Divisi Akuntansi,Setor Tunai,Kredit,3534369,20250628,Mobile Banking,2025-06-28 13:04:34,2025-06-28
CIF1079,1000000079,Ani Wijaya,Yayasan,Bank ABC,KD03,Kantor Cabang B,KSD02,Divisi Keuangan,KSSD01,Sub Divisi Jaringan,CIF1179,1000000179,CV Maju Bersama,Individu,Bank BCD,KD03,Kantor Cabang B,KSD02,Divisi Keuangan,KSSD01,Sub Divisi Jaringan,Pembelian Online,Debit,1085374,20250617,ATM,2025-06-17 16:01:59,2025-06-17
CIF1080,1000000080,Joko Susilo,Yayasan,Bank BCD,KD02,Kantor Cabang A,KSD02,Divisi Keuangan,KSSD01,Sub Divisi Jaringan,CIF1180,1000000180,Rudi Pratama,Yayasan,Bank BCD,KD03,Kantor Cabang B,KSD03,Divisi Operasional,KSSD03,Sub Divisi Logistik,Pembayaran Gaji,Debit,2495298,20250609,ATM,2025-06-09 16:45:42,2025-06-09
CIF1081,1000000081,Dian Novita,Korporasi,Bank XYZ,KD03,Kantor Cabang B,KSD04,Divisi Pemasaran,KSSD01,Sub Divisi Jaringan,CIF1181,1000000181,CV Maju Bersama,Yayasan,Bank XYZ,KD01,Kantor Pusat,KSD01,Divisi IT,KSSD05,Sub Divisi Hukum,Pembayaran Gaji,Kredit,1538628,20250603,ATM,2025-06-03 16:55:49,2025-06-03
CIF1082,1000000082,CV Maju Bersama,Individu,Bank DEF,KD01,Kantor Pusat,KSD03,Divisi Operasional,KSSD05,Sub Divisi Hukum,CIF1182,1000000182,Budi Santoso,Yayasan,Bank DEF,KD02,Kantor Cabang A,KSD05,Divisi Legal,KSSD04,Sub Divisi Promosi,Pembayaran Tagihan,Kredit,529712,20250622,Internet Banking,2025-06-22 15:42:16,2025-06-22
CIF1083,1000000083,Rudi Pratama,Individu,Bank XYZ,KD02,Kantor Cabang A,KSD04,Divisi Pemasaran,KSSD05,Sub Divisi Hukum,CIF1183,1000000183,PT Cahaya Abadi,Korporasi,Bank XYZ,KD03,Kantor Cabang B,KSD02,Divisi Keuangan,KSSD01,Sub Divisi Jaringan,Pembayaran Gaji,Kredit,1015566,20250605,Kantor Cabang,2025-06-05 14:04:38,2025-06-05
CIF1084,1000000084,Rudi Pratama,Yayasan,Bank ABC,KD04,Kantor Cabang C,KSD03,Divisi Operasional,KSSD02,Sub Divisi Akuntansi,CIF1184,1000000184,PT Cahaya Abadi,Korporasi,Bank ABC,KD03,Kantor Cabang B,KSD02,Divisi Keuangan,KSSD03,Sub Divisi Logistik,Pembelian Online,Debit,1293517,20250616,ATM,2025-06-16 15:47:45,2025-06-16
CIF1085,1000000085,Dewi Lestari,Yayasan,Bank ABC,KD01,Kantor Pusat,KSD02,Divisi Keuangan,KSSD02,Sub Divisi Akuntansi,CIF1185,1000000185,Dian Novita,Korporasi,Bank ABC,KD02,Kantor Cabang A,KSD03,Divisi Operasional,KSSD03,Sub Divisi Logistik,Tarik Tunai,Debit,380588,20250617,Mobile Banking,2025-06-17 17:48:08,2025-06-17
CIF1086,1000000086,Siti Aminah,Korporasi,Bank BCD,KD02,Kantor Cabang A,KSD03,Divisi Operasional,KSSD01,Sub Divisi Jaringan,CIF1186,1000000186,Dian Novita,Individu,Bank BCD,KD01,Kantor Pusat,KSD02,Divisi Keuangan,KSSD05,Sub Divisi Hukum,Pencairan Pinjaman,Debit,168303,20250602,Teller,2025-06-02 17:39:11,2025-06-02
CIF1087,1000000087,PT Cahaya Abadi,Korporasi,Bank DEF,KD01,Kantor Pusat,KSD04,Divisi Pemasaran,KSSD01,Sub Divisi Jaringan,CIF1187,1000000187,PT Cahaya Abadi,Korporasi,Bank DEF,KD01,Kantor Pusat,KSD01,Divisi IT,KSSD01,Sub Divisi Jaringan,Pembayaran Tagihan,Debit,2515630,20250611,Internet Banking,2025-06-11 12:26:50,2025-06-11
CIF1088,1000000088,PT Cahaya Abadi,Korporasi,Bank BCD,KD02,Kantor Cabang A,KSD05,Divisi Legal,KSSD02,Sub Divisi Akuntansi,CIF1188,1000000188,CV Maju Bersama,Yayasan,Bank ABC,KD03,Kantor Cabang B,KSD02,Divisi Keuangan,KSSD03,Sub Divisi Logistik,Setor Tunai,Kredit,4512884,20250616,Kantor Cabang,2025-06-16 08:28:17,2025-06-16
CIF1089,1000000089,Siti Aminah,Yayasan,Bank DEF,KD02,Kantor Cabang A,KSD03,Divisi Operasional,KSSD04,Sub Divisi Promosi,CIF1189,1000000189,Dewi Lestari,Korporasi,Bank DEF,KD04,Kantor Cabang C,KSD01,Divisi IT,KSSD03,Sub Divisi Logistik,Setor Tunai,Kredit,2539522,20250613,Kantor Cabang,2025-06-13 09:11:05,2025-06-13
CIF1090,1000000090,Ani Wijaya,Individu,Bank DEF,KD02,Kantor Cabang A,KSD05,Divisi Legal,KSSD03,Sub Divisi Logistik,CIF1190,1000000190,Yayasan Harapan Bangsa,Individu,Bank BCD,KD03,Kantor Cabang B,KSD01,Divisi IT,KSSD05,Sub Divisi Hukum,Tarik Tunai,Kredit,4108729,20250630,Teller,2025-06-30 14:21:18,2025-06-30
CIF1091,1000000091,Dian Novita,Individu,Bank BCD,KD02,Kantor Cabang A,KSD02,Divisi Keuangan,KSSD01,Sub Divisi Jaringan,CIF1191,1000000191,Budi Santoso,Yayasan,Bank BCD,KD02,Kantor Cabang A,KSD02,Divisi Keuangan,KSSD01,Sub Divisi Jaringan,Pembayaran Gaji,Kredit,986090,20250617,Mobile Banking,2025-06-17 13:19:48,2025-06-17
CIF1092,1000000092,Dewi Lestari,Yayasan,Bank BCD,KD02,Kantor Cabang A,KSD04,Divisi Pemasaran,KSSD04,Sub Divisi Promosi,CIF1192,1000000192,Joko Susilo,Korporasi,Bank BCD,KD04,Kantor Cabang C,KSD03,Divisi Operasional,KSSD05,Sub Divisi Hukum,Transfer Antar Bank,Kredit,4565714,20250607,Internet Banking,2025-06-07 10:32:11,2025-06-07
CIF1093,1000000093,Joko Susilo,Korporasi,Bank BCD,KD03,Kantor Cabang B,KSD03,Divisi Operasional,KSSD03,Sub Divisi Logistik,CIF1193,1000000193,Yayasan Harapan Bangsa,Yayasan,Bank BCD,KD03,Kantor Cabang B,KSD03,Divisi Operasional,KSSD02,Sub Divisi Akuntansi,Pembayaran Gaji,Debit,2290648,20250607,Mobile Banking,2025-06-07 08:37:38,2025-06-07
CIF1094,1000000094,CV Maju Bersama,Yayasan,Bank BCD,KD01,Kantor Pusat,KSD01,Divisi IT,KSSD03,Sub Divisi Logistik,CIF1194,1000000194,Ani Wijaya,Korporasi,Bank DEF,KD01,Kantor Pusat,KSD05,Divisi Legal,KSSD03,Sub Divisi Logistik,Pencairan Pinjaman,Kredit,2388567,20250615,Kantor Cabang,2025-06-15 14:43:52,2025-06-15
CIF1095,1000000095,Ani Wijaya,Yayasan,Bank ABC,KD04,Kantor Cabang C,KSD05,Divisi Legal,KSSD04,Sub Divisi Promosi,CIF1195,1000000195,Budi Santoso,Individu,Bank XYZ,KD01,Kantor Pusat,KSD01,Divisi IT,KSSD04,Sub Divisi Promosi,Pembayaran Tagihan,Kredit,4670630,20250611,ATM,2025-06-11 10:16:10,2025-06-11
CIF1096,1000000096,Dewi Lestari,Yayasan,Bank BCD,KD03,Kantor Cabang B,KSD04,Divisi Pemasaran,KSSD01,Sub Divisi Jaringan,CIF1196,1000000196,CV Maju Bersama,Yayasan,Bank BCD,KD01,Kantor Pusat,KSD04,Divisi Pemasaran,KSSD01,Sub Divisi Jaringan,Pembayaran Gaji,Debit,666309,20250614,Teller,2025-06-14 10:02:31,2025-06-14
CIF1097,1000000097,CV Maju Bersama,Yayasan,Bank BCD,KD02,Kantor Cabang A,KSD03,Divisi Operasional,KSSD04,Sub Divisi Promosi,CIF1197,1000000197,Budi Santoso,Individu,Bank BCD,KD01,Kantor Pusat,KSD05,Divisi Legal,KSSD03,Sub Divisi Logistik,Pencairan Pinjaman,Kredit,2045014,20250619,ATM,2025-06-19 11:33:39,2025-06-19
CIF1098,1000000098,Rudi Pratama,Individu,Bank BCD,KD04,Kantor Cabang C,KSD01,Divisi IT,KSSD01,Sub Divisi Jaringan,CIF1198,1000000198,PT Cahaya Abadi,Yayasan,Bank BCD,KD02,Kantor Cabang A,KSD01,Divisi IT,KSSD04,Sub Divisi Promosi,Pembayaran Tagihan,Kredit,978889,20250612,Internet Banking,2025-06-12 11:05:54,2025-06-12
CIF1099,1000000099,Yayasan Harapan Bangsa,Yayasan,Bank DEF,KD01,Kantor Pusat,KSD04,Divisi Pemasaran,KSSD03,Sub Divisi Logistik,CIF1199,1000000199,Ani Wijaya,Yayasan,Bank BCD,KD03,Kantor Cabang B,KSD04,Divisi Pemasaran,KSSD05,Sub Divisi Hukum,Pembayaran Tagihan,Kredit,182083,20250609,ATM,2025-06-09 08:21:12,2025-06-09
CIF1100,1000000100,Rudi Pratama,Individu,Bank XYZ,KD01,Kantor Pusat,KSD01,Divisi IT,KSSD03,Sub Divisi Logistik,CIF1200,1000000200,Yayasan Harapan Bangsa,Individu,Bank BCD,KD03,Kantor Cabang B,KSD02,Divisi Keuangan,KSSD04,Sub Divisi Promosi,Pembelian Online,Kredit,1074133,20250626,Internet Banking,2025-06-26 08:18:07,2025-06-26
CIF1101,1000000101,Joko Susilo,Yayasan,Bank BCD,KD04,Kantor Cabang C,KSD01,Divisi IT,KSSD05,Sub Divisi Hukum,CIF1201,1000000201,Siti Aminah,Korporasi,Bank ABC,KD01,Kantor Pusat,KSD04,Divisi Pemasaran,KSSD03,Sub Divisi Logistik,Setor Tunai,Debit,3165200,20250627,Kantor Cabang,2025-06-27 11:46:43,2025-06-27
CIF1102,1000000102,Rudi Pratama,Yayasan,Bank BCD,KD01,Kantor Pusat,KSD04,Divisi Pemasaran,KSSD02,Sub Divisi Akuntansi,CIF1202,1000000202,Siti Aminah,Yayasan,Bank ABC,KD03,Kantor Cabang B,KSD01,Divisi IT,KSSD01,Sub Divisi Jaringan,Pembayaran Tagihan,Kredit,2434539,20250626,Teller,2025-06-26 14:02:59,2025-06-26
CIF1103,1000000103,CV Maju Bersama,Yayasan,Bank ABC,KD02,Kantor Cabang A,KSD04,Divisi Pemasaran,KSSD03,Sub Divisi Logistik,CIF1203,1000000203,Rudi Pratama,Yayasan,Bank DEF,KD02,Kantor Cabang A,KSD05,Divisi Legal,KSSD02,Sub Divisi Akuntansi,Transfer Sesama Bank,Kredit,3898461,20250630,Kantor Cabang,2025-06-30 16:15:40,2025-06-30
CIF1104,1000000104,Siti Aminah,Korporasi,Bank BCD,KD04,Kantor Cabang C,KSD03,Divisi Operasional,KSSD04,Sub Divisi Promosi,CIF1204,1000000204,Siti Aminah,Individu,Bank XYZ,KD04,Kantor Cabang C,KSD02,Divisi Keuangan,KSSD04,Sub Divisi Promosi,Pencairan Pinjaman,Kredit,2199837,20250606,Internet Banking,2025-06-06 17:39:04,2025-06-06
CIF1105,1000000105,Dewi Lestari,Yayasan,Bank XYZ,KD04,Kantor Cabang C,KSD04,Divisi Pemasaran,KSSD03,Sub Divisi Logistik,CIF1205,1000000205,Yayasan Harapan Bangsa,Yayasan,Bank ABC,KD04,Kantor Cabang C,KSD01,Divisi IT,KSSD01,Sub Divisi Jaringan,Pembayaran Gaji,Debit,4100466,20250626,Mobile Banking,2025-06-26 09:19:48,2025-06-26
CIF1106,1000000106,PT Cahaya Abadi,Individu,Bank DEF,KD03,Kantor Cabang B,KSD03,Divisi Operasional,KSSD01,Sub Divisi Jaringan,CIF1206,1000000206,Yayasan Harapan Bangsa,Individu,Bank ABC,KD02,Kantor Cabang A,KSD05,Divisi Legal,KSSD01,Sub Divisi Jaringan,Pembelian Online,Kredit,3625959,20250611,Mobile Banking,2025-06-11 13:19:40,2025-06-11
CIF1107,1000000107,Ani Wijaya,Korporasi,Bank XYZ,KD01,Kantor Pusat,KSD05,Divisi Legal,KSSD05,Sub Divisi Hukum,CIF1207,1000000207,Ani Wijaya,Individu,Bank ABC,KD04,Kantor Cabang C,KSD04,Divisi Pemasaran,KSSD01,Sub Divisi Jaringan,Setor Tunai,Debit,3988736,20250609,ATM,2025-06-09 17:07:11,2025-06-09
CIF1108,1000000108,Joko Susilo,Yayasan,Bank ABC,KD03,Kantor Cabang B,KSD02,Divisi Keuangan,KSSD03,Sub Divisi Logistik,CIF1208,1000000208,Rudi Pratama,Individu,Bank ABC,KD02,Kantor Cabang A,KSD01,Divisi IT,KSSD05,Sub Divisi Hukum,Pencairan Pinjaman,Debit,258247,20250609,Kantor Cabang,2025-06-09 09:43:52,2025-06-09
CIF1109,1000000109,Budi Santoso,Yayasan,Bank XYZ,KD03,Kantor Cabang B,KSD05,Divisi Legal,KSSD05,Sub Divisi Hukum,CIF1209,1000000209,Joko Susilo,Yayasan,Bank BCD,KD04,Kantor Cabang C,KSD01,Divisi IT,KSSD04,Sub Divisi Promosi,Tarik Tunai,Debit,3738236,20250612,Internet Banking,2025-06-12 09:20:31,2025-06-12
