source_cif,source_account_no,source_customer_name,source_cif_type_name,source_entity_name,source_kode_dinas,source_kode_dinas_desc,source_kode_sub_dinas,source_kode_sub_dinas_desc,source_kode_sub_sub_dinas,source_kode_sub_sub_dinas_desc,dest_cif,dest_account_no,dest_customer_name,dest_cif_type_name,dest_entity_name,dest_kode_dinas,dest_kode_dinas_desc,dest_kode_sub_dinas,dest_kode_sub_dinas_desc,dest_kode_sub_sub_dinas,dest_kode_sub_sub_dinas_desc,transaction_name,jenis_transaksi,amount,dt_id,group_channel,loadtime,datadt
CIF1004,1000000004,Dewi Lestari,Individu,Bank DEF,KD04,Kantor Cabang C,KSD05,Divisi Legal,KSSD01,Sub Divisi Jaringan,CIF1009,1000000009,Dian Novita,Yayasan,Bank XYZ,KD04,Kantor Cabang C,KSD05,Divisi Legal,KSSD02,Sub Divisi Akuntansi,Pembayaran Gaji,Debit,1603071,20250507,Teller,2025-05-07 08:01:41,2025-05-07
CIF1003,1000000003,Rudi Pratama,Individu,Bank ABC,KD03,Kantor Cabang B,KSD02,Divisi Keuangan,KSSD01,Sub Divisi Jaringan,CIF1007,1000000007,CV Maju Bersama,Individu,Bank DEF,KD03,Kantor Cabang B,KSD04,Divisi Pemasaran,KSSD05,Sub Divisi Hukum,Pembayaran Gaji,Kredit,3136748,20250513,Mobile Banking,2025-05-13 09:15:10,2025-05-13
CIF1006,1000000006,Joko Susilo,Individu,Bank BCD,KD01,Kantor Pusat,KSD05,Divisi Legal,KSSD05,Sub Divisi Hukum,CIF1005,1000000005,Budi Santoso,Individu,Bank ABC,KD02,Kantor Cabang A,KSD02,Divisi Keuangan,KSSD05,Sub Divisi Hukum,Transfer Antar Bank,Debit,2481474,20250531,Kantor Cabang,2025-05-31 13:52:42,2025-05-31
CIF1004,1000000004,Dewi Lestari,Individu,Bank DEF,KD04,Kantor Cabang C,KSD05,Divisi Legal,KSSD01,Sub Divisi Jaringan,CIF1005,1000000005,Budi Santoso,Individu,Bank ABC,KD02,Kantor Cabang A,KSD02,Divisi Keuangan,KSSD05,Sub Divisi Hukum,Pembayaran Gaji,Kredit,2710794,20250523,Kantor Cabang,2025-05-23 15:21:08,2025-05-23
CIF1008,1000000008,Siti Aminah,Individu,Bank DEF,KD03,Kantor Cabang B,KSD01,Divisi IT,KSSD03,Sub Divisi Logistik,CIF1007,1000000007,CV Maju Bersama,Individu,Bank DEF,KD03,Kantor Cabang B,KSD04,Divisi Pemasaran,KSSD05,Sub Divisi Hukum,Pembayaran Tagihan,Debit,4315642,20250526,Kantor Cabang,2025-05-26 17:33:39,2025-05-26
CIF1004,1000000004,Dewi Lestari,Individu,Bank DEF,KD04,Kantor Cabang C,KSD05,Divisi Legal,KSSD01,Sub Divisi Jaringan,CIF1008,1000000008,Siti Aminah,Individu,Bank DEF,KD03,Kantor Cabang B,KSD01,Divisi IT,KSSD03,Sub Divisi Logistik,Pembayaran Gaji,Kredit,3180160,20250504,Teller,2025-05-04 09:23:09,2025-05-04
CIF1003,1000000003,Rudi Pratama,Individu,Bank ABC,KD03,Kantor Cabang B,KSD02,Divisi Keuangan,KSSD01,Sub Divisi Jaringan,CIF1000,1000000000,PT Cahaya Abadi,Individu,Bank XYZ,KD01,Kantor Pusat,KSD01,Divisi IT,KSSD02,Sub Divisi Akuntansi,Transfer Antar Bank,Kredit,1540869,20250522,ATM,2025-05-22 17:45:12,2025-05-22
CIF1003,1000000003,Rudi Pratama,Individu,Bank ABC,KD03,Kantor Cabang B,KSD02,Divisi Keuangan,KSSD01,Sub Divisi Jaringan,CIF1002,1000000002,Dian Novita,Individu,Bank DEF,KD04,Kantor Cabang C,KSD02,Divisi Keuangan,KSSD03,Sub Divisi Logistik,Pembayaran Gaji,Debit,4288307,20250506,Kantor Cabang,2025-05-06 16:53:18,2025-05-06
CIF1009,1000000009,Dian Novita,Yayasan,Bank XYZ,KD04,Kantor Cabang C,KSD05,Divisi Legal,KSSD02,Sub Divisi Akuntansi,CIF1004,1000000004,Dewi Lestari,Individu,Bank DEF,KD04,Kantor Cabang C,KSD05,Divisi Legal,KSSD01,Sub Divisi Jaringan,Pembelian Online,Debit,3245806,20250504,Kantor Cabang,2025-05-04 17:09:19,2025-05-04
CIF1000,1000000000,PT Cahaya Abadi,Individu,Bank XYZ,KD01,Kantor Pusat,KSD01,Divisi IT,KSSD02,Sub Divisi Akuntansi,CIF1009,1000000009,Dian Novita,Yayasan,Bank XYZ,KD04,Kantor Cabang C,KSD05,Divisi Legal,KSSD02,Sub Divisi Akuntansi,Transfer Antar Bank,Kredit,1451106,20250508,ATM,2025-05-08 08:32:48,2025-05-08
CIF1006,1000000006,Joko Susilo,Individu,Bank BCD,KD01,Kantor Pusat,KSD05,Divisi Legal,KSSD05,Sub Divisi Hukum,CIF1007,1000000007,CV Maju Bersama,Individu,Bank DEF,KD03,Kantor Cabang B,KSD04,Divisi Pemasaran,KSSD05,Sub Divisi Hukum,Pembayaran Tagihan,Debit,1453043,20250522,ATM,2025-05-22 09:06:41,2025-05-22
CIF1000,1000000000,PT Cahaya Abadi,Individu,Bank XYZ,KD01,Kantor Pusat,KSD01,Divisi IT,KSSD02,Sub Divisi Akuntansi,CIF1003,1000000003,Rudi Pratama,Individu,Bank ABC,KD03,Kantor Cabang B,KSD02,Divisi Keuangan,KSSD01,Sub Divisi Jaringan,Pembelian Online,Debit,1329995,20250505,Internet Banking,2025-05-05 08:23:07,2025-05-05
CIF1002,1000000002,Dian Novita,Individu,Bank DEF,KD04,Kantor Cabang C,KSD02,Divisi Keuangan,KSSD03,Sub Divisi Logistik,CIF1003,1000000003,Rudi Pratama,Individu,Bank ABC,KD03,Kantor Cabang B,KSD02,Divisi Keuangan,KSSD01,Sub Divisi Jaringan,Pembayaran Gaji,Debit,3067223,20250528,Internet Banking,2025-05-28 15:00:41,2025-05-28
CIF1003,1000000003,Rudi Pratama,Individu,Bank ABC,KD03,Kantor Cabang B,KSD02,Divisi Keuangan,KSSD01,Sub Divisi Jaringan,CIF1008,1000000008,Siti Aminah,Individu,Bank DEF,KD03,Kantor Cabang B,KSD01,Divisi IT,KSSD03,Sub Divisi Logistik,Pembayaran Gaji,Kredit,4669535,20250512,Internet Banking,2025-05-12 13:19:56,2025-05-12
CIF1009,1000000009,Dian Novita,Yayasan,Bank XYZ,KD04,Kantor Cabang C,KSD05,Divisi Legal,KSSD02,Sub Divisi Akuntansi,CIF1002,1000000002,Dian Novita,Individu,Bank DEF,KD04,Kantor Cabang C,KSD02,Divisi Keuangan,KSSD03,Sub Divisi Logistik,Transfer Sesama Bank,Kredit,3382532,20250511,Teller,2025-05-11 08:57:36,2025-05-11
CIF1009,1000000009,Dian Novita,Yayasan,Bank XYZ,KD04,Kantor Cabang C,KSD05,Divisi Legal,KSSD02,Sub Divisi Akuntansi,CIF1007,1000000007,CV Maju Bersama,Individu,Bank DEF,KD03,Kantor Cabang B,KSD04,Divisi Pemasaran,KSSD05,Sub Divisi Hukum,Pembayaran Tagihan,Kredit,1571078,20250514,Internet Banking,2025-05-14 10:53:58,2025-05-14
CIF1002,1000000002,Dian Novita,Individu,Bank DEF,KD04,Kantor Cabang C,KSD02,Divisi Keuangan,KSSD03,Sub Divisi Logistik,CIF1008,1000000008,Siti Aminah,Individu,Bank DEF,KD03,Kantor Cabang B,KSD01,Divisi IT,KSSD03,Sub Divisi Logistik,Pencairan Pinjaman,Debit,3353769,20250509,Kantor Cabang,2025-05-09 13:04:58,2025-05-09
CIF1009,1000000009,Dian Novita,Yayasan,Bank XYZ,KD04,Kantor Cabang C,KSD05,Divisi Legal,KSSD02,Sub Divisi Akuntansi,CIF1007,1000000007,CV Maju Bersama,Individu,Bank DEF,KD03,Kantor Cabang B,KSD04,Divisi Pemasaran,KSSD05,Sub Divisi Hukum,Pembelian Online,Debit,886363,20250523,Internet Banking,2025-05-23 11:07:14,2025-05-23
CIF1006,1000000006,Joko Susilo,Individu,Bank BCD,KD01,Kantor Pusat,KSD05,Divisi Legal,KSSD05,Sub Divisi Hukum,CIF1001,1000000001,Rudi Pratama,Individu,Bank ABC,KD03,Kantor Cabang B,KSD05,Divisi Legal,KSSD01,Sub Divisi Jaringan,Pembelian Online,Debit,332646,20250523,Teller,2025-05-23 13:54:31,2025-05-23
CIF1006,1000000006,Joko Susilo,Individu,Bank BCD,KD01,Kantor Pusat,KSD05,Divisi Legal,KSSD05,Sub Divisi Hukum,CIF1003,1000000003,Rudi Pratama,Individu,Bank ABC,KD03,Kantor Cabang B,KSD02,Divisi Keuangan,KSSD01,Sub Divisi Jaringan,Tarik Tunai,Kredit,931681,20250528,ATM,2025-05-28 17:32:47,2025-05-28
CIF1030,1000000030,Budi Santoso,Korporasi,Bank BCD,KD03,Kantor Cabang B,KSD05,Divisi Legal,KSSD04,Sub Divisi Promosi,CIF1130,1000000130,Budi Santoso,Yayasan,Bank ABC,KD01,Kantor Pusat,KSD05,Divisi Legal,KSSD03,Sub Divisi Logistik,Pembayaran Tagihan,Kredit,1624834,20250508,ATM,2025-05-08 10:44:23,2025-05-08
CIF1031,1000000031,Dewi Lestari,Individu,Bank XYZ,KD01,Kantor Pusat,KSD05,Divisi Legal,KSSD01,Sub Divisi Jaringan,CIF1131,1000000131,Budi Santoso,Yayasan,Bank DEF,KD01,Kantor Pusat,KSD05,Divisi Legal,KSSD03,Sub Divisi Logistik,Pembayaran Tagihan,Kredit,4411378,20250513,Teller,2025-05-13 14:50:14,2025-05-13
CIF1032,1000000032,Yayasan Harapan Bangsa,Yayasan,Bank DEF,KD04,Kantor Cabang C,KSD04,Divisi Pemasaran,KSSD05,Sub Divisi Hukum,CIF1132,1000000132,Siti Aminah,Individu,Bank ABC,KD02,Kantor Cabang A,KSD01,Divisi IT,KSSD03,Sub Divisi Logistik,Pencairan Pinjaman,Debit,4357130,20250514,Kantor Cabang,2025-05-14 17:26:11,2025-05-14
CIF1033,1000000033,PT Cahaya Abadi,Korporasi,Bank ABC,KD04,Kantor Cabang C,KSD03,Divisi Operasional,KSSD02,Sub Divisi Akuntansi,CIF1133,1000000133,PT Cahaya Abadi,Individu,Bank ABC,KD03,Kantor Cabang B,KSD03,Divisi Operasional,KSSD03,Sub Divisi Logistik,Setor Tunai,Kredit,3711265,20250501,Internet Banking,2025-05-01 09:29:55,2025-05-01
CIF1034,1000000034,Rudi Pratama,Individu,Bank ABC,KD04,Kantor Cabang C,KSD02,Divisi Keuangan,KSSD04,Sub Divisi Promosi,CIF1134,1000000134,Rudi Pratama,Korporasi,Bank DEF,KD01,Kantor Pusat,KSD02,Divisi Keuangan,KSSD03,Sub Divisi Logistik,Transfer Antar Bank,Debit,2080985,20250504,ATM,2025-05-04 15:44:26,2025-05-04
CIF1035,1000000035,Joko Susilo,Yayasan,Bank ABC,KD04,Kantor Cabang C,KSD04,Divisi Pemasaran,KSSD03,Sub Divisi Logistik,CIF1135,1000000135,PT Cahaya Abadi,Yayasan,Bank DEF,KD01,Kantor Pusat,KSD01,Divisi IT,KSSD02,Sub Divisi Akuntansi,Pencairan Pinjaman,Kredit,1944197,20250528,Teller,2025-05-28 09:33:12,2025-05-28
CIF1036,1000000036,Joko Susilo,Korporasi,Bank BCD,KD04,Kantor Cabang C,KSD02,Divisi Keuangan,KSSD03,Sub Divisi Logistik,CIF1136,1000000136,Ani Wijaya,Korporasi,Bank ABC,KD01,Kantor Pusat,KSD01,Divisi IT,KSSD05,Sub Divisi Hukum,Setor Tunai,Debit,3097395,20250520,ATM,2025-05-20 09:14:54,2025-05-20
CIF1037,1000000037,CV Maju Bersama,Individu,Bank DEF,KD03,Kantor Cabang B,KSD01,Divisi IT,KSSD02,Sub Divisi Akuntansi,CIF1137,1000000137,Budi Santoso,Individu,Bank DEF,KD02,Kantor Cabang A,KSD04,Divisi Pemasaran,KSSD05,Sub Divisi Hukum,Transfer Antar Bank,Debit,4621630,20250508,Mobile Banking,2025-05-08 10:23:46,2025-05-08
CIF1038,1000000038,Budi Santoso,Korporasi,Bank ABC,KD01,Kantor Pusat,KSD05,Divisi Legal,KSSD04,Sub Divisi Promosi,CIF1138,1000000138,Yayasan Harapan Bangsa,Individu,Bank XYZ,KD01,Kantor Pusat,KSD02,Divisi Keuangan,KSSD02,Sub Divisi Akuntansi,Transfer Antar Bank,Debit,2178863,20250528,Internet Banking,2025-05-28 14:02:18,2025-05-28
CIF1039,1000000039,Dian Novita,Korporasi,Bank BCD,KD01,Kantor Pusat,KSD02,Divisi Keuangan,KSSD03,Sub Divisi Logistik,CIF1139,1000000139,Yayasan Harapan Bangsa,Individu,Bank XYZ,KD02,Kantor Cabang A,KSD01,Divisi IT,KSSD05,Sub Divisi Hukum,Pembelian Online,Kredit,4543497,20250502,Mobile Banking,2025-05-02 17:13:31,2025-05-02
CIF1040,1000000040,PT Cahaya Abadi,Yayasan,Bank DEF,KD01,Kantor Pusat,KSD02,Divisi Keuangan,KSSD02,Sub Divisi Akuntansi,CIF1140,1000000140,Yayasan Harapan Bangsa,Yayasan,Bank ABC,KD02,Kantor Cabang A,KSD01,Divisi IT,KSSD04,Sub Divisi Promosi,Transfer Sesama Bank,Kredit,2178289,20250510,Internet Banking,2025-05-10 12:11:35,2025-05-10
CIF1041,1000000041,Rudi Pratama,Yayasan,Bank ABC,KD02,Kantor Cabang A,KSD03,Divisi Operasional,KSSD01,Sub Divisi Jaringan,CIF1141,1000000141,Joko Susilo,Yayasan,Bank XYZ,KD02,Kantor Cabang A,KSD03,Divisi Operasional,KSSD05,Sub Divisi Hukum,Pembayaran Tagihan,Debit,618570,20250510,Internet Banking,2025-05-10 15:26:21,2025-05-10
CIF1042,1000000042,Ani Wijaya,Korporasi,Bank DEF,KD03,Kantor Cabang B,KSD01,Divisi IT,KSSD04,Sub Divisi Promosi,CIF1142,1000000142,Ani Wijaya,Korporasi,Bank ABC,KD03,Kantor Cabang B,KSD01,Divisi IT,KSSD05,Sub Divisi Hukum,Pembelian Online,Debit,2400240,20250517,Mobile Banking,2025-05-17 09:56:05,2025-05-17
CIF1043,1000000043,Budi Santoso,Individu,Bank BCD,KD01,Kantor Pusat,KSD03,Divisi Operasional,KSSD01,Sub Divisi Jaringan,CIF1143,1000000143,Siti Aminah,Korporasi,Bank DEF,KD03,Kantor Cabang B,KSD01,Divisi IT,KSSD04,Sub Divisi Promosi,Pencairan Pinjaman,Debit,2255291,20250522,Kantor Cabang,2025-05-22 12:55:52,2025-05-22
CIF1044,1000000044,Ani Wijaya,Yayasan,Bank BCD,KD03,Kantor Cabang B,KSD04,Divisi Pemasaran,KSSD04,Sub Divisi Promosi,CIF1144,1000000144,Joko Susilo,Yayasan,Bank DEF,KD03,Kantor Cabang B,KSD05,Divisi Legal,KSSD04,Sub Divisi Promosi,Transfer Sesama Bank,Kredit,4442989,20250524,Kantor Cabang,2025-05-24 10:40:56,2025-05-24
CIF1045,1000000045,Rudi Pratama,Yayasan,Bank DEF,KD03,Kantor Cabang B,KSD02,Divisi Keuangan,KSSD01,Sub Divisi Jaringan,CIF1145,1000000145,PT Cahaya Abadi,Individu,Bank BCD,KD01,Kantor Pusat,KSD03,Divisi Operasional,KSSD04,Sub Divisi Promosi,Pembayaran Gaji,Kredit,1881352,20250502,Internet Banking,2025-05-02 15:22:53,2025-05-02
CIF1046,1000000046,Ani Wijaya,Korporasi,Bank DEF,KD01,Kantor Pusat,KSD02,Divisi Keuangan,KSSD05,Sub Divisi Hukum,CIF1146,1000000146,Budi Santoso,Korporasi,Bank BCD,KD03,Kantor Cabang B,KSD04,Divisi Pemasaran,KSSD02,Sub Divisi Akuntansi,Pembelian Online,Debit,3479458,20250517,Mobile Banking,2025-05-17 10:10:07,2025-05-17
CIF1047,1000000047,Dian Novita,Yayasan,Bank BCD,KD02,Kantor Cabang A,KSD05,Divisi Legal,KSSD02,Sub Divisi Akuntansi,CIF1147,1000000147,Rudi Pratama,Yayasan,Bank DEF,KD01,Kantor Pusat,KSD02,Divisi Keuangan,KSSD04,Sub Divisi Promosi,Pembayaran Tagihan,Debit,4200714,20250504,Kantor Cabang,2025-05-04 09:12:37,2025-05-04
CIF1048,1000000048,Joko Susilo,Korporasi,Bank BCD,KD03,Kantor Cabang B,KSD02,Divisi Keuangan,KSSD04,Sub Divisi Promosi,CIF1148,1000000148,Siti Aminah,Individu,Bank DEF,KD01,Kantor Pusat,KSD03,Divisi Operasional,KSSD03,Sub Divisi Logistik,Setor Tunai,Kredit,1574689,20250526,Kantor Cabang,2025-05-26 09:40:20,2025-05-26
CIF1049,1000000049,PT Cahaya Abadi,Individu,Bank XYZ,KD02,Kantor Cabang A,KSD02,Divisi Keuangan,KSSD05,Sub Divisi Hukum,CIF1149,1000000149,Rudi Pratama,Yayasan,Bank XYZ,KD03,Kantor Cabang B,KSD05,Divisi Legal,KSSD05,Sub Divisi Hukum,Pembayaran Gaji,Debit,3056766,20250509,Kantor Cabang,2025-05-09 08:42:55,2025-05-09
CIF1050,1000000050,Ani Wijaya,Yayasan,Bank BCD,KD02,Kantor Cabang A,KSD04,Divisi Pemasaran,KSSD03,Sub Divisi Logistik,CIF1150,1000000150,Ani Wijaya,Yayasan,Bank XYZ,KD02,Kantor Cabang A,KSD01,Divisi IT,KSSD04,Sub Divisi Promosi,Tarik Tunai,Debit,424928,20250506,ATM,2025-05-06 17:26:04,2025-05-06
CIF1051,1000000051,Joko Susilo,Individu,Bank XYZ,KD03,Kantor Cabang B,KSD01,Divisi IT,KSSD02,Sub Divisi Akuntansi,CIF1151,1000000151,Joko Susilo,Korporasi,Bank XYZ,KD03,Kantor Cabang B,KSD05,Divisi Legal,KSSD04,Sub Divisi Promosi,Tarik Tunai,Kredit,4840730,20250509,Kantor Cabang,2025-05-09 08:02:36,2025-05-09
CIF1052,1000000052,Budi Santoso,Individu,Bank ABC,KD04,Kantor Cabang C,KSD04,Divisi Pemasaran,KSSD05,Sub Divisi Hukum,CIF1152,1000000152,Ani Wijaya,Individu,Bank DEF,KD03,Kantor Cabang B,KSD01,Divisi IT,KSSD04,Sub Divisi Promosi,Transfer Sesama Bank,Kredit,3428684,20250527,Mobile Banking,2025-05-27 10:14:17,2025-05-27
CIF1053,1000000053,Dian Novita,Korporasi,Bank ABC,KD02,Kantor Cabang A,KSD04,Divisi Pemasaran,KSSD02,Sub Divisi Akuntansi,CIF1153,1000000153,Dewi Lestari,Yayasan,Bank ABC,KD04,Kantor Cabang C,KSD02,Divisi Keuangan,KSSD02,Sub Divisi Akuntansi,Pembelian Online,Debit,3797413,20250507,Kantor Cabang,2025-05-07 16:13:18,2025-05-07
CIF1054,1000000054,Rudi Pratama,Individu,Bank DEF,KD03,Kantor Cabang B,KSD01,Divisi IT,KSSD02,Sub Divisi Akuntansi,CIF1154,1000000154,Budi Santoso,Individu,Bank BCD,KD04,Kantor Cabang C,KSD02,Divisi Keuangan,KSSD01,Sub Divisi Jaringan,Pembayaran Gaji,Debit,4848199,20250512,Mobile Banking,2025-05-12 10:43:07,2025-05-12
CIF1055,1000000055,Yayasan Harapan Bangsa,Korporasi,Bank DEF,KD01,Kantor Pusat,KSD05,Divisi Legal,KSSD05,Sub Divisi Hukum,CIF1155,1000000155,Yayasan Harapan Bangsa,Individu,Bank ABC,KD03,Kantor Cabang B,KSD01,Divisi IT,KSSD04,Sub Divisi Promosi,Transfer Sesama Bank,Debit,3483349,20250503,Mobile Banking,2025-05-03 10:00:49,2025-05-03
CIF1056,1000000056,Dewi Lestari,Yayasan,Bank ABC,KD04,Kantor Cabang C,KSD01,Divisi IT,KSSD04,Sub Divisi Promosi,CIF1156,1000000156,Rudi Pratama,Yayasan,Bank ABC,KD04,Kantor Cabang C,KSD01,Divisi IT,KSSD05,Sub Divisi Hukum,Pembelian Online,Debit,3033619,20250505,Mobile Banking,2025-05-05 09:16:33,2025-05-05
CIF1057,1000000057,Dian Novita,Yayasan,Bank DEF,KD02,Kantor Cabang A,KSD03,Divisi Operasional,KSSD05,Sub Divisi Hukum,CIF1157,1000000157,Yayasan Harapan Bangsa,Yayasan,Bank DEF,KD01,Kantor Pusat,KSD05,Divisi Legal,KSSD05,Sub Divisi Hukum,Transfer Antar Bank,Kredit,4212761,20250514,Teller,2025-05-14 13:23:50,2025-05-14
CIF1058,1000000058,PT Cahaya Abadi,Individu,Bank XYZ,KD01,Kantor Pusat,KSD03,Divisi Operasional,KSSD02,Sub Divisi Akuntansi,CIF1158,1000000158,Dian Novita,Yayasan,Bank BCD,KD01,Kantor Pusat,KSD05,Divisi Legal,KSSD04,Sub Divisi Promosi,Pembayaran Tagihan,Kredit,3947216,20250522,Internet Banking,2025-05-22 11:07:20,2025-05-22
CIF1059,1000000059,CV Maju Bersama,Korporasi,Bank XYZ,KD02,Kantor Cabang A,KSD03,Divisi Operasional,KSSD03,Sub Divisi Logistik,CIF1159,1000000159,Ani Wijaya,Korporasi,Bank DEF,KD01,Kantor Pusat,KSD02,Divisi Keuangan,KSSD04,Sub Divisi Promosi,Pencairan Pinjaman,Kredit,3354442,20250524,Teller,2025-05-24 14:34:23,2025-05-24
CIF1060,1000000060,Ani Wijaya,Yayasan,Bank XYZ,KD01,Kantor Pusat,KSD04,Divisi Pemasaran,KSSD04,Sub Divisi Promosi,CIF1160,1000000160,Joko Susilo,Korporasi,Bank BCD,KD03,Kantor Cabang B,KSD01,Divisi IT,KSSD02,Sub Divisi Akuntansi,Pembayaran Gaji,Debit,975162,20250502,Mobile Banking,2025-05-02 17:59:49,2025-05-02
CIF1061,1000000061,Ani Wijaya,Yayasan,Bank ABC,KD04,Kantor Cabang C,KSD03,Divisi Operasional,KSSD02,Sub Divisi Akuntansi,CIF1161,1000000161,Rudi Pratama,Individu,Bank DEF,KD01,Kantor Pusat,KSD01,Divisi IT,KSSD03,Sub Divisi Logistik,Pencairan Pinjaman,Kredit,2324668,20250505,Kantor Cabang,2025-05-05 15:50:08,2025-05-05
CIF1062,1000000062,Siti Aminah,Individu,Bank XYZ,KD04,Kantor Cabang C,KSD04,Divisi Pemasaran,KSSD01,Sub Divisi Jaringan,CIF1162,1000000162,Joko Susilo,Korporasi,Bank ABC,KD04,Kantor Cabang C,KSD01,Divisi IT,KSSD02,Sub Divisi Akuntansi,Tarik Tunai,Kredit,529495,20250528,ATM,2025-05-28 15:10:56,2025-05-28
CIF1063,1000000063,Dewi Lestari,Individu,Bank DEF,KD03,Kantor Cabang B,KSD05,Divisi Legal,KSSD01,Sub Divisi Jaringan,CIF1163,1000000163,Ani Wijaya,Individu,Bank ABC,KD01,Kantor Pusat,KSD04,Divisi Pemasaran,KSSD01,Sub Divisi Jaringan,Tarik Tunai,Debit,2299529,20250502,ATM,2025-05-02 09:21:30,2025-05-02
CIF1064,1000000064,Yayasan Harapan Bangsa,Yayasan,Bank BCD,KD01,Kantor Pusat,KSD04,Divisi Pemasaran,KSSD01,Sub Divisi Jaringan,CIF1164,1000000164,Budi Santoso,Individu,Bank BCD,KD02,Kantor Cabang A,KSD02,Divisi Keuangan,KSSD05,Sub Divisi Hukum,Transfer Sesama Bank,Debit,3431131,20250515,ATM,2025-05-15 14:24:25,2025-05-15
CIF1065,1000000065,Joko Susilo,Korporasi,Bank ABC,KD04,Kantor Cabang C,KSD02,Divisi Keuangan,KSSD02,Sub Divisi Akuntansi,CIF1165,1000000165,Dian Novita,Korporasi,Bank XYZ,KD02,Kantor Cabang A,KSD05,Divisi Legal,KSSD04,Sub Divisi Promosi,Setor Tunai,Debit,3252847,20250506,ATM,2025-05-06 09:49:33,2025-05-06
CIF1066,1000000066,Joko Susilo,Korporasi,Bank DEF,KD04,Kantor Cabang C,KSD05,Divisi Legal,KSSD02,Sub Divisi Akuntansi,CIF1166,1000000166,Ani Wijaya,Individu,Bank BCD,KD04,Kantor Cabang C,KSD03,Divisi Operasional,KSSD04,Sub Divisi Promosi,Transfer Antar Bank,Kredit,2785043,20250510,Internet Banking,2025-05-10 10:01:13,2025-05-10
CIF1067,1000000067,Dian Novita,Yayasan,Bank DEF,KD02,Kantor Cabang A,KSD05,Divisi Legal,KSSD04,Sub Divisi Promosi,CIF1167,1000000167,Budi Santoso,Individu,Bank ABC,KD03,Kantor Cabang B,KSD01,Divisi IT,KSSD01,Sub Divisi Jaringan,Pembayaran Gaji,Debit,4176655,20250531,Mobile Banking,2025-05-31 09:08:08,2025-05-31
CIF1068,1000000068,Rudi Pratama,Individu,Bank XYZ,KD02,Kantor Cabang A,KSD02,Divisi Keuangan,KSSD02,Sub Divisi Akuntansi,CIF1168,1000000168,Dewi Lestari,Yayasan,Bank ABC,KD02,Kantor Cabang A,KSD04,Divisi Pemasaran,KSSD01,Sub Divisi Jaringan,Pencairan Pinjaman,Debit,513465,20250528,Internet Banking,2025-05-28 16:31:13,2025-05-28
CIF1069,1000000069,Budi Santoso,Individu,Bank XYZ,KD01,Kantor Pusat,KSD02,Divisi Keuangan,KSSD03,Sub Divisi Logistik,CIF1169,1000000169,CV Maju Bersama,Yayasan,Bank DEF,KD04,Kantor Cabang C,KSD03,Divisi Operasional,KSSD03,Sub Divisi Logistik,Setor Tunai,Kredit,1393392,20250513,Teller,2025-05-13 11:58:43,2025-05-13
CIF1070,1000000070,Dewi Lestari,Individu,Bank BCD,KD01,Kantor Pusat,KSD03,Divisi Operasional,KSSD02,Sub Divisi Akuntansi,CIF1170,1000000170,Siti Aminah,Korporasi,Bank DEF,KD01,Kantor Pusat,KSD02,Divisi Keuangan,KSSD03,Sub Divisi Logistik,Transfer Sesama Bank,Kredit,1558071,20250507,Kantor Cabang,2025-05-07 17:40:46,2025-05-07
CIF1071,1000000071,Siti Aminah,Yayasan,Bank BCD,KD04,Kantor Cabang C,KSD01,Divisi IT,KSSD03,Sub Divisi Logistik,CIF1171,1000000171,Yayasan Harapan Bangsa,Yayasan,Bank ABC,KD04,Kantor Cabang C,KSD03,Divisi Operasional,KSSD01,Sub Divisi Jaringan,Pembelian Online,Debit,4989796,20250509,Kantor Cabang,2025-05-09 13:45:42,2025-05-09
CIF1072,1000000072,Budi Santoso,Yayasan,Bank XYZ,KD04,Kantor Cabang C,KSD02,Divisi Keuangan,KSSD03,Sub Divisi Logistik,CIF1172,1000000172,Yayasan Harapan Bangsa,Yayasan,Bank ABC,KD04,Kantor Cabang C,KSD05,Divisi Legal,KSSD03,Sub Divisi Logistik,Transfer Antar Bank,Debit,2274085,20250512,ATM,2025-05-12 09:24:53,2025-05-12
CIF1073,1000000073,Budi Santoso,Yayasan,Bank DEF,KD01,Kantor Pusat,KSD05,Divisi Legal,KSSD03,Sub Divisi Logistik,CIF1173,1000000173,Joko Susilo,Yayasan,Bank XYZ,KD01,Kantor Pusat,KSD02,Divisi Keuangan,KSSD05,Sub Divisi Hukum,Setor Tunai,Kredit,838837,20250506,ATM,2025-05-06 14:48:26,2025-05-06
CIF1074,1000000074,Ani Wijaya,Yayasan,Bank XYZ,KD01,Kantor Pusat,KSD02,Divisi Keuangan,KSSD02,Sub Divisi Akuntansi,CIF1174,1000000174,Ani Wijaya,Yayasan,Bank XYZ,KD04,Kantor Cabang C,KSD02,Divisi Keuangan,KSSD02,Sub Divisi Akuntansi,Pembayaran Tagihan,Kredit,3899596,20250525,Kantor Cabang,2025-05-25 17:12:55,2025-05-25
CIF1075,1000000075,Rudi Pratama,Yayasan,Bank XYZ,KD04,Kantor Cabang C,KSD03,Divisi Operasional,KSSD01,Sub Divisi Jaringan,CIF1175,1000000175,Siti Aminah,Individu,Bank DEF,KD03,Kantor Cabang B,KSD03,Divisi Operasional,KSSD01,Sub Divisi Jaringan,Setor Tunai,Debit,415990,20250515,Teller,2025-05-15 08:00:20,2025-05-15
CIF1076,1000000076,Joko Susilo,Korporasi,Bank XYZ,KD03,Kantor Cabang B,KSD01,Divisi IT,KSSD04,Sub Divisi Promosi,CIF1176,1000000176,Dian Novita,Yayasan,Bank ABC,KD04,Kantor Cabang C,KSD05,Divisi Legal,KSSD04,Sub Divisi Promosi,Tarik Tunai,Debit,3706270,20250509,Kantor Cabang,2025-05-09 08:17:00,2025-05-09
CIF1077,1000000077,CV Maju Bersama,Individu,Bank BCD,KD04,Kantor Cabang C,KSD02,Divisi Keuangan,KSSD01,Sub Divisi Jaringan,CIF1177,1000000177,Joko Susilo,Korporasi,Bank DEF,KD01,Kantor Pusat,KSD01,Divisi IT,KSSD02,Sub Divisi Akuntansi,Transfer Sesama Bank,Kredit,3192835,20250513,ATM,2025-05-13 15:35:15,2025-05-13
CIF1078,1000000078,PT Cahaya Abadi,Yayasan,Bank XYZ,KD01,Kantor Pusat,KSD02,Divisi Keuangan,KSSD01,Sub Divisi Jaringan,CIF1178,1000000178,CV Maju Bersama,Yayasan,Bank DEF,KD04,Kantor Cabang C,KSD03,Divisi Operasional,KSSD02,Sub Divisi Akuntansi,Setor Tunai,Kredit,3544485,20250522,Internet Banking,2025-05-22 15:04:04,2025-05-22
CIF1079,1000000079,Budi Santoso,Korporasi,Bank XYZ,KD01,Kantor Pusat,KSD01,Divisi IT,KSSD03,Sub Divisi Logistik,CIF1179,1000000179,Ani Wijaya,Yayasan,Bank DEF,KD01,Kantor Pusat,KSD04,Divisi Pemasaran,KSSD05,Sub Divisi Hukum,Pencairan Pinjaman,Kredit,2700689,20250510,Mobile Banking,2025-05-10 12:23:39,2025-05-10
CIF1080,1000000080,Dian Novita,Yayasan,Bank BCD,KD01,Kantor Pusat,KSD03,Divisi Operasional,KSSD02,Sub Divisi Akuntansi,CIF1180,1000000180,Dewi Lestari,Yayasan,Bank XYZ,KD03,Kantor Cabang B,KSD01,Divisi IT,KSSD02,Sub Divisi Akuntansi,Pembayaran Tagihan,Debit,1451531,20250527,Teller,2025-05-27 13:10:37,2025-05-27
CIF1081,1000000081,Yayasan Harapan Bangsa,Individu,Bank BCD,KD01,Kantor Pusat,KSD03,Divisi Operasional,KSSD04,Sub Divisi Promosi,CIF1181,1000000181,Rudi Pratama,Individu,Bank ABC,KD04,Kantor Cabang C,KSD01,Divisi IT,KSSD03,Sub Divisi Logistik,Pembelian Online,Debit,1520354,20250507,Kantor Cabang,2025-05-07 10:27:35,2025-05-07
CIF1082,1000000082,Dewi Lestari,Korporasi,Bank ABC,KD02,Kantor Cabang A,KSD01,Divisi IT,KSSD04,Sub Divisi Promosi,CIF1182,1000000182,Yayasan Harapan Bangsa,Yayasan,Bank DEF,KD03,Kantor Cabang B,KSD03,Divisi Operasional,KSSD02,Sub Divisi Akuntansi,Pembelian Online,Debit,1828522,20250516,Mobile Banking,2025-05-16 14:47:26,2025-05-16
CIF1083,1000000083,Siti Aminah,Yayasan,Bank DEF,KD01,Kantor Pusat,KSD05,Divisi Legal,KSSD04,Sub Divisi Promosi,CIF1183,1000000183,Yayasan Harapan Bangsa,Yayasan,Bank DEF,KD01,Kantor Pusat,KSD03,Divisi Operasional,KSSD05,Sub Divisi Hukum,Pembayaran Gaji,Debit,1236867,20250515,Internet Banking,2025-05-15 14:29:58,2025-05-15
CIF1084,1000000084,Ani Wijaya,Yayasan,Bank XYZ,KD02,Kantor Cabang A,KSD02,Divisi Keuangan,KSSD05,Sub Divisi Hukum,CIF1184,1000000184,PT Cahaya Abadi,Korporasi,Bank BCD,KD02,Kantor Cabang A,KSD03,Divisi Operasional,KSSD02,Sub Divisi Akuntansi,Pembelian Online,Kredit,3560915,20250520,Internet Banking,2025-05-20 14:56:39,2025-05-20
CIF1085,1000000085,Dewi Lestari,Korporasi,Bank BCD,KD01,Kantor Pusat,KSD01,Divisi IT,KSSD01,Sub Divisi Jaringan,CIF1185,1000000185,Joko Susilo,Korporasi,Bank BCD,KD03,Kantor Cabang B,KSD01,Divisi IT,KSSD04,Sub Divisi Promosi,Pembayaran Gaji,Kredit,4109672,20250511,Mobile Banking,2025-05-11 13:08:22,2025-05-11
CIF1086,1000000086,CV Maju Bersama,Korporasi,Bank ABC,KD01,Kantor Pusat,KSD04,Divisi Pemasaran,KSSD02,Sub Divisi Akuntansi,CIF1186,1000000186,Rudi Pratama,Individu,Bank XYZ,KD03,Kantor Cabang B,KSD04,Divisi Pemasaran,KSSD02,Sub Divisi Akuntansi,Tarik Tunai,Kredit,3304655,20250510,ATM,2025-05-10 16:29:30,2025-05-10
CIF1087,1000000087,Rudi Pratama,Individu,Bank ABC,KD02,Kantor Cabang A,KSD04,Divisi Pemasaran,KSSD05,Sub Divisi Hukum,CIF1187,1000000187,Dian Novita,Yayasan,Bank BCD,KD02,Kantor Cabang A,KSD01,Divisi IT,KSSD01,Sub Divisi Jaringan,Transfer Antar Bank,Kredit,3265831,20250526,Teller,2025-05-26 12:35:17,2025-05-26
CIF1088,1000000088,Rudi Pratama,Individu,Bank ABC,KD04,Kantor Cabang C,KSD02,Divisi Keuangan,KSSD01,Sub Divisi Jaringan,CIF1188,1000000188,Siti Aminah,Korporasi,Bank BCD,KD03,Kantor Cabang B,KSD04,Divisi Pemasaran,KSSD04,Sub Divisi Promosi,Transfer Sesama Bank,Debit,313059,20250514,Teller,2025-05-14 17:34:11,2025-05-14
CIF1089,1000000089,Rudi Pratama,Korporasi,Bank ABC,KD02,Kantor Cabang A,KSD05,Divisi Legal,KSSD03,Sub Divisi Logistik,CIF1189,1000000189,Dian Novita,Yayasan,Bank DEF,KD01,Kantor Pusat,KSD05,Divisi Legal,KSSD03,Sub Divisi Logistik,Transfer Sesama Bank,Kredit,658633,20250525,Mobile Banking,2025-05-25 10:55:28,2025-05-25
CIF1090,1000000090,CV Maju Bersama,Individu,Bank ABC,KD02,Kantor Cabang A,KSD05,Divisi Legal,KSSD03,Sub Divisi Logistik,CIF1190,1000000190,Rudi Pratama,Individu,Bank DEF,KD03,Kantor Cabang B,KSD02,Divisi Keuangan,KSSD04,Sub Divisi Promosi,Transfer Antar Bank,Debit,1848229,20250503,Internet Banking,2025-05-03 15:02:18,2025-05-03
CIF1091,1000000091,Ani Wijaya,Individu,Bank DEF,KD02,Kantor Cabang A,KSD01,Divisi IT,KSSD02,Sub Divisi Akuntansi,CIF1191,1000000191,Siti Aminah,Individu,Bank DEF,KD01,Kantor Pusat,KSD02,Divisi Keuangan,KSSD03,Sub Divisi Logistik,Pembayaran Gaji,Kredit,3457596,20250527,ATM,2025-05-27 14:42:39,2025-05-27
CIF1092,1000000092,Budi Santoso,Yayasan,Bank ABC,KD03,Kantor Cabang B,KSD02,Divisi Keuangan,KSSD05,Sub Divisi Hukum,CIF1192,1000000192,PT Cahaya Abadi,Yayasan,Bank XYZ,KD01,Kantor Pusat,KSD01,Divisi IT,KSSD05,Sub Divisi Hukum,Transfer Antar Bank,Kredit,676286,20250522,ATM,2025-05-22 16:03:37,2025-05-22
CIF1093,1000000093,Rudi Pratama,Yayasan,Bank BCD,KD02,Kantor Cabang A,KSD05,Divisi Legal,KSSD01,Sub Divisi Jaringan,CIF1193,1000000193,Yayasan Harapan Bangsa,Korporasi,Bank XYZ,KD04,Kantor Cabang C,KSD04,Divisi Pemasaran,KSSD01,Sub Divisi Jaringan,Pencairan Pinjaman,Kredit,2026052,20250523,Kantor Cabang,2025-05-23 16:20:02,2025-05-23
CIF1094,1000000094,Dian Novita,Yayasan,Bank DEF,KD02,Kantor Cabang A,KSD03,Divisi Operasional,KSSD05,Sub Divisi Hukum,CIF1194,1000000194,Yayasan Harapan Bangsa,Yayasan,Bank BCD,KD03,Kantor Cabang B,KSD02,Divisi Keuangan,KSSD01,Sub Divisi Jaringan,Transfer Antar Bank,Debit,1550667,20250507,Teller,2025-05-07 11:44:01,2025-05-07
CIF1095,1000000095,Rudi Pratama,Individu,Bank ABC,KD02,Kantor Cabang A,KSD02,Divisi Keuangan,KSSD01,Sub Divisi Jaringan,CIF1195,1000000195,Dian Novita,Korporasi,Bank XYZ,KD04,Kantor Cabang C,KSD02,Divisi Keuangan,KSSD04,Sub Divisi Promosi,Tarik Tunai,Debit,2019369,20250519,ATM,2025-05-19 15:18:16,2025-05-19
CIF1096,1000000096,Siti Aminah,Individu,Bank XYZ,KD03,Kantor Cabang B,KSD03,Divisi Operasional,KSSD04,Sub Divisi Promosi,CIF1196,1000000196,Ani Wijaya,Korporasi,Bank BCD,KD03,Kantor Cabang B,KSD05,Divisi Legal,KSSD01,Sub Divisi Jaringan,Pencairan Pinjaman,Debit,932349,20250516,Internet Banking,2025-05-16 16:55:23,2025-05-16
CIF1097,1000000097,Dian Novita,Yayasan,Bank XYZ,KD03,Kantor Cabang B,KSD03,Divisi Operasional,KSSD04,Sub Divisi Promosi,CIF1197,1000000197,Joko Susilo,Yayasan,Bank DEF,KD01,Kantor Pusat,KSD05,Divisi Legal,KSSD01,Sub Divisi Jaringan,Setor Tunai,Debit,1342647,20250506,Mobile Banking,2025-05-06 14:46:19,2025-05-06
CIF1098,1000000098,Dian Novita,Individu,Bank BCD,KD02,Kantor Cabang A,KSD04,Divisi Pemasaran,KSSD01,Sub Divisi Jaringan,CIF1198,1000000198,Rudi Pratama,Yayasan,Bank DEF,KD02,Kantor Cabang A,KSD01,Divisi IT,KSSD05,Sub Divisi Hukum,Transfer Sesama Bank,Debit,1745383,20250529,Teller,2025-05-29 13:25:35,2025-05-29
CIF1099,1000000099,Dewi Lestari,Individu,Bank XYZ,KD03,Kantor Cabang B,KSD05,Divisi Legal,KSSD02,Sub Divisi Akuntansi,CIF1199,1000000199,Siti Aminah,Korporasi,Bank ABC,KD02,Kantor Cabang A,KSD02,Divisi Keuangan,KSSD02,Sub Divisi Akuntansi,Transfer Antar Bank,Kredit,2060432,20250530,ATM,2025-05-30 17:20:09,2025-05-30
CIF1100,1000000100,Siti Aminah,Yayasan,Bank DEF,KD04,Kantor Cabang C,KSD03,Divisi Operasional,KSSD01,Sub Divisi Jaringan,CIF1200,1000000200,Dian Novita,Individu,Bank ABC,KD03,Kantor Cabang B,KSD03,Divisi Operasional,KSSD02,Sub Divisi Akuntansi,Pembayaran Gaji,Debit,4583093,20250529,Mobile Banking,2025-05-29 11:46:27,2025-05-29
CIF1101,1000000101,Budi Santoso,Individu,Bank BCD,KD01,Kantor Pusat,KSD05,Divisi Legal,KSSD01,Sub Divisi Jaringan,CIF1201,1000000201,Dewi Lestari,Korporasi,Bank ABC,KD01,Kantor Pusat,KSD05,Divisi Legal,KSSD05,Sub Divisi Hukum,Pembayaran Tagihan,Kredit,2397426,20250512,Teller,2025-05-12 09:26:48,2025-05-12
CIF1102,1000000102,Dewi Lestari,Korporasi,Bank ABC,KD03,Kantor Cabang B,KSD05,Divisi Legal,KSSD03,Sub Divisi Logistik,CIF1202,1000000202,Dewi Lestari,Individu,Bank XYZ,KD03,Kantor Cabang B,KSD02,Divisi Keuangan,KSSD04,Sub Divisi Promosi,Transfer Antar Bank,Kredit,234931,20250525,Internet Banking,2025-05-25 13:51:34,2025-05-25
CIF1103,1000000103,Dewi Lestari,Korporasi,Bank XYZ,KD03,Kantor Cabang B,KSD04,Divisi Pemasaran,KSSD05,Sub Divisi Hukum,CIF1203,1000000203,Ani Wijaya,Korporasi,Bank ABC,KD04,Kantor Cabang C,KSD01,Divisi IT,KSSD02,Sub Divisi Akuntansi,Pembayaran Gaji,Kredit,2851448,20250504,Mobile Banking,2025-05-04 10:08:18,2025-05-04
CIF1104,1000000104,Budi Santoso,Korporasi,Bank XYZ,KD01,Kantor Pusat,KSD04,Divisi Pemasaran,KSSD01,Sub Divisi Jaringan,CIF1204,1000000204,Siti Aminah,Individu,Bank BCD,KD01,Kantor Pusat,KSD05,Divisi Legal,KSSD05,Sub Divisi Hukum,Pencairan Pinjaman,Kredit,1077222,20250522,ATM,2025-05-22 16:51:58,2025-05-22
CIF1105,1000000105,Budi Santoso,Yayasan,Bank ABC,KD02,Kantor Cabang A,KSD01,Divisi IT,KSSD03,Sub Divisi Logistik,CIF1205,1000000205,Siti Aminah,Korporasi,Bank ABC,KD01,Kantor Pusat,KSD05,Divisi Legal,KSSD01,Sub Divisi Jaringan,Pembayaran Gaji,Debit,784694,20250516,Internet Banking,2025-05-16 09:55:26,2025-05-16
CIF1106,1000000106,Dian Novita,Individu,Bank ABC,KD01,Kantor Pusat,KSD05,Divisi Legal,KSSD04,Sub Divisi Promosi,CIF1206,1000000206,Dian Novita,Yayasan,Bank BCD,KD02,Kantor Cabang A,KSD05,Divisi Legal,KSSD03,Sub Divisi Logistik,Pembelian Online,Debit,1949117,20250504,Mobile Banking,2025-05-04 11:15:14,2025-05-04
CIF1107,1000000107,Yayasan Harapan Bangsa,Yayasan,Bank ABC,KD04,Kantor Cabang C,KSD02,Divisi Keuangan,KSSD03,Sub Divisi Logistik,CIF1207,1000000207,Dian Novita,Yayasan,Bank BCD,KD03,Kantor Cabang B,KSD02,Divisi Keuangan,KSSD01,Sub Divisi Jaringan,Pembelian Online,Debit,3116157,20250531,Mobile Banking,2025-05-31 12:58:57,2025-05-31
CIF1108,1000000108,Joko Susilo,Individu,Bank XYZ,KD04,Kantor Cabang C,KSD05,Divisi Legal,KSSD05,Sub Divisi Hukum,CIF1208,1000000208,Ani Wijaya,Korporasi,Bank ABC,KD01,Kantor Pusat,KSD01,Divisi IT,KSSD04,Sub Divisi Promosi,Pembayaran Gaji,Debit,3954122,20250527,Internet Banking,2025-05-27 12:19:02,2025-05-27
CIF1109,1000000109,Yayasan Harapan Bangsa,Yayasan,Bank XYZ,KD01,Kantor Pusat,KSD03,Divisi Operasional,KSSD04,Sub Divisi Promosi,CIF1209,1000000209,Joko Susilo,Yayasan,Bank XYZ,KD03,Kantor Cabang B,KSD02,Divisi Keuangan,KSSD01,Sub Divisi Jaringan,Pembayaran Gaji,Kredit,2788277,20250512,Kantor Cabang,2025-05-12 13:38:14,2025-05-12
