source_cif,source_account_no,source_customer_name,source_cif_type_name,source_entity_name,source_kode_dinas,source_kode_dinas_desc,source_kode_sub_dinas,source_kode_sub_dinas_desc,source_kode_sub_sub_dinas,source_kode_sub_sub_dinas_desc,dest_cif,dest_account_no,dest_customer_name,dest_cif_type_name,dest_entity_name,dest_kode_dinas,dest_kode_dinas_desc,dest_kode_sub_dinas,dest_kode_sub_dinas_desc,dest_kode_sub_sub_dinas,dest_kode_sub_sub_dinas_desc,transaction_name,jenis_transaksi,amount,dt_id,group_channel,loadtime,datadt
CIF1002,1000000002,Rudi Pratama,Individu,Bank DEF,KD02,Kantor Cabang A,KSD05,Divisi Legal,KSSD01,Sub Divisi Jaringan,CIF1008,1000000008,Ani Wijaya,Individu,Bank ABC,KD04,Kantor Cabang C,KSD04,Divisi Pemasaran,KSSD03,Sub Divisi Logistik,Transfer Sesama Bank,Debit,3539989,20250420,Internet Banking,2025-04-20 13:54:38,2025-04-20
CIF1007,1000000007,Siti Aminah,Yayasan,Bank BCD,KD02,Kantor Cabang A,KSD04,Divisi Pemasaran,KSSD02,Sub Divisi Akuntansi,CIF1008,1000000008,Ani Wijaya,Individu,Bank ABC,KD04,Kantor Cabang C,KSD04,Divisi Pemasaran,KSSD03,Sub Divisi Logistik,Transfer Antar Bank,Debit,3414492,20250401,Kantor Cabang,2025-04-01 10:52:26,2025-04-01
CIF1001,1000000001,Budi Santoso,Yayasan,Bank XYZ,KD01,Kantor Pusat,KSD05,Divisi Legal,KSSD03,Sub Divisi Logistik,CIF1007,1000000007,Siti Aminah,Yayasan,Bank BCD,KD02,Kantor Cabang A,KSD04,Divisi Pemasaran,KSSD02,Sub Divisi Akuntansi,Pencairan Pinjaman,Kredit,4719024,20250411,Internet Banking,2025-04-11 17:48:50,2025-04-11
CIF1000,1000000000,Budi Santoso,Korporasi,Bank DEF,KD02,Kantor Cabang A,KSD03,Divisi Operasional,KSSD02,Sub Divisi Akuntansi,CIF1009,1000000009,Joko Susilo,Yayasan,Bank DEF,KD03,Kantor Cabang B,KSD02,Divisi Keuangan,KSSD02,Sub Divisi Akuntansi,Pencairan Pinjaman,Debit,2473981,20250407,Kantor Cabang,2025-04-07 09:39:40,2025-04-07
CIF1008,1000000008,Ani Wijaya,Individu,Bank ABC,KD04,Kantor Cabang C,KSD04,Divisi Pemasaran,KSSD03,Sub Divisi Logistik,CIF1003,1000000003,Yayasan Harapan Bangsa,Korporasi,Bank BCD,KD01,Kantor Pusat,KSD01,Divisi IT,KSSD04,Sub Divisi Promosi,Tarik Tunai,Kredit,2223584,20250425,Kantor Cabang,2025-04-25 17:37:23,2025-04-25
CIF1007,1000000007,Siti Aminah,Yayasan,Bank BCD,KD02,Kantor Cabang A,KSD04,Divisi Pemasaran,KSSD02,Sub Divisi Akuntansi,CIF1005,1000000005,Siti Aminah,Korporasi,Bank BCD,KD01,Kantor Pusat,KSD01,Divisi IT,KSSD02,Sub Divisi Akuntansi,Tarik Tunai,Kredit,671574,20250422,Kantor Cabang,2025-04-22 09:37:36,2025-04-22
CIF1009,1000000009,Joko Susilo,Yayasan,Bank DEF,KD03,Kantor Cabang B,KSD02,Divisi Keuangan,KSSD02,Sub Divisi Akuntansi,CIF1005,1000000005,Siti Aminah,Korporasi,Bank BCD,KD01,Kantor Pusat,KSD01,Divisi IT,KSSD02,Sub Divisi Akuntansi,Pembayaran Tagihan,Debit,4911282,20250402,Internet Banking,2025-04-02 11:39:45,2025-04-02
CIF1007,1000000007,Siti Aminah,Yayasan,Bank BCD,KD02,Kantor Cabang A,KSD04,Divisi Pemasaran,KSSD02,Sub Divisi Akuntansi,CIF1004,1000000004,Joko Susilo,Individu,Bank ABC,KD04,Kantor Cabang C,KSD04,Divisi Pemasaran,KSSD02,Sub Divisi Akuntansi,Tarik Tunai,Kredit,2381487,20250429,ATM,2025-04-29 13:25:31,2025-04-29
CIF1000,1000000000,Budi Santoso,Korporasi,Bank DEF,KD02,Kantor Cabang A,KSD03,Divisi Operasional,KSSD02,Sub Divisi Akuntansi,CIF1001,1000000001,Budi Santoso,Yayasan,Bank XYZ,KD01,Kantor Pusat,KSD05,Divisi Legal,KSSD03,Sub Divisi Logistik,Transfer Antar Bank,Kredit,2795155,20250413,ATM,2025-04-13 10:29:20,2025-04-13
CIF1009,1000000009,Joko Susilo,Yayasan,Bank DEF,KD03,Kantor Cabang B,KSD02,Divisi Keuangan,KSSD02,Sub Divisi Akuntansi,CIF1007,1000000007,Siti Aminah,Yayasan,Bank BCD,KD02,Kantor Cabang A,KSD04,Divisi Pemasaran,KSSD02,Sub Divisi Akuntansi,Pencairan Pinjaman,Kredit,2429619,20250424,Mobile Banking,2025-04-24 12:07:30,2025-04-24
CIF1007,1000000007,Siti Aminah,Yayasan,Bank BCD,KD02,Kantor Cabang A,KSD04,Divisi Pemasaran,KSSD02,Sub Divisi Akuntansi,CIF1004,1000000004,Joko Susilo,Individu,Bank ABC,KD04,Kantor Cabang C,KSD04,Divisi Pemasaran,KSSD02,Sub Divisi Akuntansi,Transfer Antar Bank,Debit,1842330,20250415,Mobile Banking,2025-04-15 17:10:15,2025-04-15
CIF1001,1000000001,Budi Santoso,Yayasan,Bank XYZ,KD01,Kantor Pusat,KSD05,Divisi Legal,KSSD03,Sub Divisi Logistik,CIF1009,1000000009,Joko Susilo,Yayasan,Bank DEF,KD03,Kantor Cabang B,KSD02,Divisi Keuangan,KSSD02,Sub Divisi Akuntansi,Setor Tunai,Kredit,1992479,20250412,Mobile Banking,2025-04-12 13:21:52,2025-04-12
CIF1004,1000000004,Joko Susilo,Individu,Bank ABC,KD04,Kantor Cabang C,KSD04,Divisi Pemasaran,KSSD02,Sub Divisi Akuntansi,CIF1009,1000000009,Joko Susilo,Yayasan,Bank DEF,KD03,Kantor Cabang B,KSD02,Divisi Keuangan,KSSD02,Sub Divisi Akuntansi,Transfer Antar Bank,Debit,3542599,20250402,Kantor Cabang,2025-04-02 08:18:25,2025-04-02
CIF1000,1000000000,Budi Santoso,Korporasi,Bank DEF,KD02,Kantor Cabang A,KSD03,Divisi Operasional,KSSD02,Sub Divisi Akuntansi,CIF1008,1000000008,Ani Wijaya,Individu,Bank ABC,KD04,Kantor Cabang C,KSD04,Divisi Pemasaran,KSSD03,Sub Divisi Logistik,Setor Tunai,Debit,1411974,20250416,Mobile Banking,2025-04-16 15:07:15,2025-04-16
CIF1008,1000000008,Ani Wijaya,Individu,Bank ABC,KD04,Kantor Cabang C,KSD04,Divisi Pemasaran,KSSD03,Sub Divisi Logistik,CIF1004,1000000004,Joko Susilo,Individu,Bank ABC,KD04,Kantor Cabang C,KSD04,Divisi Pemasaran,KSSD02,Sub Divisi Akuntansi,Tarik Tunai,Debit,1462133,20250426,Kantor Cabang,2025-04-26 17:44:27,2025-04-26
CIF1008,1000000008,Ani Wijaya,Individu,Bank ABC,KD04,Kantor Cabang C,KSD04,Divisi Pemasaran,KSSD03,Sub Divisi Logistik,CIF1005,1000000005,Siti Aminah,Korporasi,Bank BCD,KD01,Kantor Pusat,KSD01,Divisi IT,KSSD02,Sub Divisi Akuntansi,Pencairan Pinjaman,Debit,104401,20250429,Internet Banking,2025-04-29 09:15:47,2025-04-29
CIF1004,1000000004,Joko Susilo,Individu,Bank ABC,KD04,Kantor Cabang C,KSD04,Divisi Pemasaran,KSSD02,Sub Divisi Akuntansi,CIF1006,1000000006,Dian Novita,Yayasan,Bank XYZ,KD01,Kantor Pusat,KSD05,Divisi Legal,KSSD02,Sub Divisi Akuntansi,Tarik Tunai,Debit,2390375,20250429,ATM,2025-04-29 14:34:45,2025-04-29
CIF1003,1000000003,Yayasan Harapan Bangsa,Korporasi,Bank BCD,KD01,Kantor Pusat,KSD01,Divisi IT,KSSD04,Sub Divisi Promosi,CIF1007,1000000007,Siti Aminah,Yayasan,Bank BCD,KD02,Kantor Cabang A,KSD04,Divisi Pemasaran,KSSD02,Sub Divisi Akuntansi,Pembayaran Gaji,Kredit,3337823,20250425,Kantor Cabang,2025-04-25 14:05:51,2025-04-25
CIF1002,1000000002,Rudi Pratama,Individu,Bank DEF,KD02,Kantor Cabang A,KSD05,Divisi Legal,KSSD01,Sub Divisi Jaringan,CIF1008,1000000008,Ani Wijaya,Individu,Bank ABC,KD04,Kantor Cabang C,KSD04,Divisi Pemasaran,KSSD03,Sub Divisi Logistik,Pembayaran Gaji,Debit,4069595,20250427,Internet Banking,2025-04-27 14:30:15,2025-04-27
CIF1002,1000000002,Rudi Pratama,Individu,Bank DEF,KD02,Kantor Cabang A,KSD05,Divisi Legal,KSSD01,Sub Divisi Jaringan,CIF1005,1000000005,Siti Aminah,Korporasi,Bank BCD,KD01,Kantor Pusat,KSD01,Divisi IT,KSSD02,Sub Divisi Akuntansi,Pembayaran Tagihan,Debit,3593241,20250424,Kantor Cabang,2025-04-24 14:17:51,2025-04-24
CIF1030,1000000030,Siti Aminah,Yayasan,Bank BCD,KD04,Kantor Cabang C,KSD04,Divisi Pemasaran,KSSD03,Sub Divisi Logistik,CIF1130,1000000130,Siti Aminah,Korporasi,Bank BCD,KD02,Kantor Cabang A,KSD02,Divisi Keuangan,KSSD02,Sub Divisi Akuntansi,Pembayaran Gaji,Debit,1998705,20250426,Kantor Cabang,2025-04-26 10:42:39,2025-04-26
CIF1031,1000000031,Dian Novita,Individu,Bank ABC,KD04,Kantor Cabang C,KSD05,Divisi Legal,KSSD02,Sub Divisi Akuntansi,CIF1131,1000000131,Joko Susilo,Korporasi,Bank BCD,KD04,Kantor Cabang C,KSD05,Divisi Legal,KSSD05,Sub Divisi Hukum,Transfer Sesama Bank,Debit,4681396,20250401,Teller,2025-04-01 11:13:18,2025-04-01
CIF1032,1000000032,Dewi Lestari,Individu,Bank ABC,KD03,Kantor Cabang B,KSD02,Divisi Keuangan,KSSD02,Sub Divisi Akuntansi,CIF1132,1000000132,Ani Wijaya,Korporasi,Bank ABC,KD03,Kantor Cabang B,KSD04,Divisi Pemasaran,KSSD05,Sub Divisi Hukum,Transfer Sesama Bank,Debit,4708822,20250412,Mobile Banking,2025-04-12 09:23:26,2025-04-12
CIF1033,1000000033,CV Maju Bersama,Individu,Bank BCD,KD02,Kantor Cabang A,KSD01,Divisi IT,KSSD05,Sub Divisi Hukum,CIF1133,1000000133,Ani Wijaya,Korporasi,Bank ABC,KD01,Kantor Pusat,KSD02,Divisi Keuangan,KSSD03,Sub Divisi Logistik,Transfer Antar Bank,Debit,2231825,20250403,ATM,2025-04-03 12:03:41,2025-04-03
CIF1034,1000000034,Yayasan Harapan Bangsa,Individu,Bank BCD,KD03,Kantor Cabang B,KSD02,Divisi Keuangan,KSSD05,Sub Divisi Hukum,CIF1134,1000000134,Joko Susilo,Korporasi,Bank DEF,KD04,Kantor Cabang C,KSD03,Divisi Operasional,KSSD02,Sub Divisi Akuntansi,Tarik Tunai,Debit,1870059,20250417,Kantor Cabang,2025-04-17 15:03:50,2025-04-17
CIF1035,1000000035,Dian Novita,Individu,Bank XYZ,KD02,Kantor Cabang A,KSD03,Divisi Operasional,KSSD02,Sub Divisi Akuntansi,CIF1135,1000000135,Siti Aminah,Individu,Bank XYZ,KD03,Kantor Cabang B,KSD02,Divisi Keuangan,KSSD04,Sub Divisi Promosi,Pembayaran Gaji,Kredit,675071,20250424,Teller,2025-04-24 10:51:42,2025-04-24
CIF1036,1000000036,CV Maju Bersama,Individu,Bank XYZ,KD01,Kantor Pusat,KSD01,Divisi IT,KSSD05,Sub Divisi Hukum,CIF1136,1000000136,Dian Novita,Yayasan,Bank XYZ,KD02,Kantor Cabang A,KSD01,Divisi IT,KSSD03,Sub Divisi Logistik,Pembayaran Gaji,Kredit,1559034,20250430,Internet Banking,2025-04-30 15:27:21,2025-04-30
CIF1037,1000000037,Siti Aminah,Korporasi,Bank XYZ,KD04,Kantor Cabang C,KSD03,Divisi Operasional,KSSD01,Sub Divisi Jaringan,CIF1137,1000000137,Dewi Lestari,Yayasan,Bank BCD,KD02,Kantor Cabang A,KSD02,Divisi Keuangan,KSSD04,Sub Divisi Promosi,Transfer Sesama Bank,Debit,615316,20250424,Teller,2025-04-24 08:21:10,2025-04-24
CIF1038,1000000038,Siti Aminah,Korporasi,Bank BCD,KD04,Kantor Cabang C,KSD02,Divisi Keuangan,KSSD03,Sub Divisi Logistik,CIF1138,1000000138,PT Cahaya Abadi,Yayasan,Bank BCD,KD01,Kantor Pusat,KSD02,Divisi Keuangan,KSSD03,Sub Divisi Logistik,Transfer Antar Bank,Kredit,2393646,20250420,Kantor Cabang,2025-04-20 15:09:32,2025-04-20
CIF1039,1000000039,Siti Aminah,Yayasan,Bank BCD,KD03,Kantor Cabang B,KSD02,Divisi Keuangan,KSSD02,Sub Divisi Akuntansi,CIF1139,1000000139,Ani Wijaya,Individu,Bank XYZ,KD01,Kantor Pusat,KSD05,Divisi Legal,KSSD04,Sub Divisi Promosi,Transfer Antar Bank,Debit,393892,20250418,Mobile Banking,2025-04-18 13:27:06,2025-04-18
CIF1040,1000000040,Dewi Lestari,Individu,Bank ABC,KD01,Kantor Pusat,KSD04,Divisi Pemasaran,KSSD04,Sub Divisi Promosi,CIF1140,1000000140,Rudi Pratama,Individu,Bank DEF,KD02,Kantor Cabang A,KSD03,Divisi Operasional,KSSD02,Sub Divisi Akuntansi,Transfer Sesama Bank,Kredit,4707918,20250421,Kantor Cabang,2025-04-21 14:46:36,2025-04-21
CIF1041,1000000041,Joko Susilo,Individu,Bank ABC,KD04,Kantor Cabang C,KSD04,Divisi Pemasaran,KSSD03,Sub Divisi Logistik,CIF1141,1000000141,Budi Santoso,Korporasi,Bank DEF,KD04,Kantor Cabang C,KSD05,Divisi Legal,KSSD05,Sub Divisi Hukum,Transfer Antar Bank,Debit,1507547,20250422,Kantor Cabang,2025-04-22 10:25:19,2025-04-22
CIF1042,1000000042,Rudi Pratama,Korporasi,Bank XYZ,KD04,Kantor Cabang C,KSD05,Divisi Legal,KSSD04,Sub Divisi Promosi,CIF1142,1000000142,Siti Aminah,Individu,Bank XYZ,KD01,Kantor Pusat,KSD01,Divisi IT,KSSD05,Sub Divisi Hukum,Transfer Sesama Bank,Debit,1344724,20250428,Internet Banking,2025-04-28 09:59:45,2025-04-28
CIF1043,1000000043,Budi Santoso,Individu,Bank DEF,KD03,Kantor Cabang B,KSD02,Divisi Keuangan,KSSD03,Sub Divisi Logistik,CIF1143,1000000143,Yayasan Harapan Bangsa,Yayasan,Bank ABC,KD02,Kantor Cabang A,KSD01,Divisi IT,KSSD01,Sub Divisi Jaringan,Pembayaran Tagihan,Debit,1579589,20250428,ATM,2025-04-28 12:34:42,2025-04-28
CIF1044,1000000044,Rudi Pratama,Korporasi,Bank BCD,KD02,Kantor Cabang A,KSD04,Divisi Pemasaran,KSSD03,Sub Divisi Logistik,CIF1144,1000000144,Dian Novita,Individu,Bank DEF,KD03,Kantor Cabang B,KSD02,Divisi Keuangan,KSSD01,Sub Divisi Jaringan,Pembayaran Gaji,Debit,4701147,20250407,Teller,2025-04-07 13:27:25,2025-04-07
CIF1045,1000000045,PT Cahaya Abadi,Individu,Bank DEF,KD01,Kantor Pusat,KSD05,Divisi Legal,KSSD01,Sub Divisi Jaringan,CIF1145,1000000145,Dian Novita,Individu,Bank BCD,KD03,Kantor Cabang B,KSD02,Divisi Keuangan,KSSD01,Sub Divisi Jaringan,Pembayaran Gaji,Kredit,1575212,20250414,Kantor Cabang,2025-04-14 14:43:37,2025-04-14
CIF1046,1000000046,Yayasan Harapan Bangsa,Korporasi,Bank BCD,KD01,Kantor Pusat,KSD03,Divisi Operasional,KSSD04,Sub Divisi Promosi,CIF1146,1000000146,Dewi Lestari,Yayasan,Bank DEF,KD03,Kantor Cabang B,KSD01,Divisi IT,KSSD02,Sub Divisi Akuntansi,Transfer Sesama Bank,Kredit,889222,20250429,Mobile Banking,2025-04-29 10:55:53,2025-04-29
CIF1047,1000000047,Dian Novita,Individu,Bank DEF,KD03,Kantor Cabang B,KSD02,Divisi Keuangan,KSSD03,Sub Divisi Logistik,CIF1147,1000000147,Yayasan Harapan Bangsa,Individu,Bank BCD,KD02,Kantor Cabang A,KSD04,Divisi Pemasaran,KSSD03,Sub Divisi Logistik,Tarik Tunai,Debit,4633336,20250409,ATM,2025-04-09 15:44:07,2025-04-09
CIF1048,1000000048,Yayasan Harapan Bangsa,Korporasi,Bank ABC,KD02,Kantor Cabang A,KSD02,Divisi Keuangan,KSSD05,Sub Divisi Hukum,CIF1148,1000000148,Siti Aminah,Individu,Bank DEF,KD02,Kantor Cabang A,KSD01,Divisi IT,KSSD03,Sub Divisi Logistik,Tarik Tunai,Kredit,804861,20250402,Teller,2025-04-02 11:12:00,2025-04-02
CIF1049,1000000049,Siti Aminah,Korporasi,Bank XYZ,KD02,Kantor Cabang A,KSD03,Divisi Operasional,KSSD01,Sub Divisi Jaringan,CIF1149,1000000149,Dian Novita,Korporasi,Bank DEF,KD01,Kantor Pusat,KSD02,Divisi Keuangan,KSSD03,Sub Divisi Logistik,Pembayaran Gaji,Kredit,1757855,20250420,ATM,2025-04-20 17:09:56,2025-04-20
CIF1050,1000000050,Dian Novita,Individu,Bank BCD,KD03,Kantor Cabang B,KSD02,Divisi Keuangan,KSSD04,Sub Divisi Promosi,CIF1150,1000000150,PT Cahaya Abadi,Korporasi,Bank XYZ,KD03,Kantor Cabang B,KSD01,Divisi IT,KSSD01,Sub Divisi Jaringan,Pembelian Online,Debit,540890,20250429,Internet Banking,2025-04-29 15:19:01,2025-04-29
CIF1051,1000000051,Ani Wijaya,Korporasi,Bank BCD,KD02,Kantor Cabang A,KSD01,Divisi IT,KSSD04,Sub Divisi Promosi,CIF1151,1000000151,Budi Santoso,Korporasi,Bank XYZ,KD03,Kantor Cabang B,KSD03,Divisi Operasional,KSSD05,Sub Divisi Hukum,Transfer Antar Bank,Debit,2421745,20250414,ATM,2025-04-14 12:13:23,2025-04-14
CIF1052,1000000052,Rudi Pratama,Korporasi,Bank ABC,KD02,Kantor Cabang A,KSD05,Divisi Legal,KSSD05,Sub Divisi Hukum,CIF1152,1000000152,Dewi Lestari,Yayasan,Bank XYZ,KD01,Kantor Pusat,KSD05,Divisi Legal,KSSD05,Sub Divisi Hukum,Transfer Sesama Bank,Debit,4572694,20250408,Mobile Banking,2025-04-08 15:19:16,2025-04-08
CIF1053,1000000053,Budi Santoso,Individu,Bank XYZ,KD03,Kantor Cabang B,KSD05,Divisi Legal,KSSD02,Sub Divisi Akuntansi,CIF1153,1000000153,Ani Wijaya,Individu,Bank BCD,KD04,Kantor Cabang C,KSD03,Divisi Operasional,KSSD04,Sub Divisi Promosi,Setor Tunai,Debit,4888102,20250412,Mobile Banking,2025-04-12 10:04:57,2025-04-12
CIF1054,1000000054,Siti Aminah,Korporasi,Bank ABC,KD02,Kantor Cabang A,KSD05,Divisi Legal,KSSD01,Sub Divisi Jaringan,CIF1154,1000000154,Siti Aminah,Individu,Bank XYZ,KD04,Kantor Cabang C,KSD04,Divisi Pemasaran,KSSD05,Sub Divisi Hukum,Setor Tunai,Debit,2267961,20250408,ATM,2025-04-08 14:19:26,2025-04-08
CIF1055,1000000055,Dewi Lestari,Yayasan,Bank XYZ,KD02,Kantor Cabang A,KSD03,Divisi Operasional,KSSD03,Sub Divisi Logistik,CIF1155,1000000155,Yayasan Harapan Bangsa,Yayasan,Bank ABC,KD03,Kantor Cabang B,KSD03,Divisi Operasional,KSSD01,Sub Divisi Jaringan,Tarik Tunai,Kredit,3188949,20250426,ATM,2025-04-26 17:38:43,2025-04-26
CIF1056,1000000056,Yayasan Harapan Bangsa,Individu,Bank XYZ,KD04,Kantor Cabang C,KSD03,Divisi Operasional,KSSD01,Sub Divisi Jaringan,CIF1156,1000000156,CV Maju Bersama,Individu,Bank DEF,KD02,Kantor Cabang A,KSD04,Divisi Pemasaran,KSSD02,Sub Divisi Akuntansi,Transfer Antar Bank,Kredit,3271494,20250420,Kantor Cabang,2025-04-20 17:22:19,2025-04-20
CIF1057,1000000057,Rudi Pratama,Korporasi,Bank ABC,KD03,Kantor Cabang B,KSD01,Divisi IT,KSSD04,Sub Divisi Promosi,CIF1157,1000000157,Ani Wijaya,Individu,Bank DEF,KD02,Kantor Cabang A,KSD02,Divisi Keuangan,KSSD05,Sub Divisi Hukum,Transfer Antar Bank,Debit,3998779,20250425,ATM,2025-04-25 16:13:43,2025-04-25
CIF1058,1000000058,Siti Aminah,Yayasan,Bank ABC,KD04,Kantor Cabang C,KSD05,Divisi Legal,KSSD05,Sub Divisi Hukum,CIF1158,1000000158,Yayasan Harapan Bangsa,Korporasi,Bank ABC,KD04,Kantor Cabang C,KSD04,Divisi Pemasaran,KSSD01,Sub Divisi Jaringan,Pencairan Pinjaman,Debit,3802665,20250427,Mobile Banking,2025-04-27 11:47:38,2025-04-27
CIF1059,1000000059,Siti Aminah,Korporasi,Bank ABC,KD03,Kantor Cabang B,KSD02,Divisi Keuangan,KSSD05,Sub Divisi Hukum,CIF1159,1000000159,CV Maju Bersama,Yayasan,Bank ABC,KD02,Kantor Cabang A,KSD02,Divisi Keuangan,KSSD03,Sub Divisi Logistik,Transfer Sesama Bank,Debit,4519734,20250401,ATM,2025-04-01 09:42:17,2025-04-01
CIF1060,1000000060,PT Cahaya Abadi,Korporasi,Bank ABC,KD04,Kantor Cabang C,KSD05,Divisi Legal,KSSD03,Sub Divisi Logistik,CIF1160,1000000160,CV Maju Bersama,Individu,Bank XYZ,KD02,Kantor Cabang A,KSD02,Divisi Keuangan,KSSD01,Sub Divisi Jaringan,Transfer Antar Bank,Debit,653122,20250410,Mobile Banking,2025-04-10 09:55:20,2025-04-10
CIF1061,1000000061,Budi Santoso,Yayasan,Bank BCD,KD02,Kantor Cabang A,KSD04,Divisi Pemasaran,KSSD05,Sub Divisi Hukum,CIF1161,1000000161,Rudi Pratama,Yayasan,Bank ABC,KD01,Kantor Pusat,KSD01,Divisi IT,KSSD05,Sub Divisi Hukum,Tarik Tunai,Debit,2992787,20250404,Teller,2025-04-04 14:15:29,2025-04-04
CIF1062,1000000062,Dewi Lestari,Individu,Bank BCD,KD03,Kantor Cabang B,KSD02,Divisi Keuangan,KSSD05,Sub Divisi Hukum,CIF1162,1000000162,Budi Santoso,Individu,Bank DEF,KD01,Kantor Pusat,KSD04,Divisi Pemasaran,KSSD02,Sub Divisi Akuntansi,Tarik Tunai,Kredit,1276062,20250402,Kantor Cabang,2025-04-02 11:29:08,2025-04-02
CIF1063,1000000063,PT Cahaya Abadi,Individu,Bank XYZ,KD04,Kantor Cabang C,KSD05,Divisi Legal,KSSD02,Sub Divisi Akuntansi,CIF1163,1000000163,Siti Aminah,Korporasi,Bank ABC,KD02,Kantor Cabang A,KSD02,Divisi Keuangan,KSSD03,Sub Divisi Logistik,Setor Tunai,Debit,2602249,20250403,Mobile Banking,2025-04-03 12:15:50,2025-04-03
CIF1064,1000000064,Dian Novita,Yayasan,Bank XYZ,KD03,Kantor Cabang B,KSD02,Divisi Keuangan,KSSD03,Sub Divisi Logistik,CIF1164,1000000164,Joko Susilo,Yayasan,Bank XYZ,KD03,Kantor Cabang B,KSD05,Divisi Legal,KSSD01,Sub Divisi Jaringan,Transfer Sesama Bank,Kredit,3723656,20250409,Mobile Banking,2025-04-09 16:03:15,2025-04-09
CIF1065,1000000065,CV Maju Bersama,Yayasan,Bank DEF,KD01,Kantor Pusat,KSD04,Divisi Pemasaran,KSSD01,Sub Divisi Jaringan,CIF1165,1000000165,Siti Aminah,Korporasi,Bank DEF,KD02,Kantor Cabang A,KSD05,Divisi Legal,KSSD03,Sub Divisi Logistik,Pembayaran Tagihan,Debit,1572614,20250424,Internet Banking,2025-04-24 10:00:54,2025-04-24
CIF1066,1000000066,Dian Novita,Individu,Bank ABC,KD02,Kantor Cabang A,KSD04,Divisi Pemasaran,KSSD05,Sub Divisi Hukum,CIF1166,1000000166,Dewi Lestari,Individu,Bank DEF,KD03,Kantor Cabang B,KSD05,Divisi Legal,KSSD05,Sub Divisi Hukum,Pembayaran Tagihan,Kredit,3730638,20250417,Internet Banking,2025-04-17 09:12:45,2025-04-17
CIF1067,1000000067,PT Cahaya Abadi,Yayasan,Bank DEF,KD02,Kantor Cabang A,KSD04,Divisi Pemasaran,KSSD03,Sub Divisi Logistik,CIF1167,1000000167,Dewi Lestari,Korporasi,Bank XYZ,KD02,Kantor Cabang A,KSD01,Divisi IT,KSSD04,Sub Divisi Promosi,Setor Tunai,Kredit,999612,20250416,Kantor Cabang,2025-04-16 11:35:21,2025-04-16
CIF1068,1000000068,Ani Wijaya,Individu,Bank BCD,KD04,Kantor Cabang C,KSD04,Divisi Pemasaran,KSSD02,Sub Divisi Akuntansi,CIF1168,1000000168,CV Maju Bersama,Yayasan,Bank ABC,KD01,Kantor Pusat,KSD02,Divisi Keuangan,KSSD04,Sub Divisi Promosi,Pencairan Pinjaman,Debit,1737719,20250408,ATM,2025-04-08 14:18:38,2025-04-08
CIF1069,1000000069,Yayasan Harapan Bangsa,Yayasan,Bank XYZ,KD03,Kantor Cabang B,KSD03,Divisi Operasional,KSSD01,Sub Divisi Jaringan,CIF1169,1000000169,Dewi Lestari,Korporasi,Bank BCD,KD02,Kantor Cabang A,KSD02,Divisi Keuangan,KSSD04,Sub Divisi Promosi,Transfer Antar Bank,Debit,3185168,20250427,Kantor Cabang,2025-04-27 16:13:45,2025-04-27
CIF1070,1000000070,PT Cahaya Abadi,Yayasan,Bank BCD,KD01,Kantor Pusat,KSD01,Divisi IT,KSSD04,Sub Divisi Promosi,CIF1170,1000000170,Siti Aminah,Individu,Bank ABC,KD02,Kantor Cabang A,KSD01,Divisi IT,KSSD04,Sub Divisi Promosi,Pencairan Pinjaman,Kredit,3997471,20250404,Kantor Cabang,2025-04-04 13:38:24,2025-04-04
CIF1071,1000000071,Siti Aminah,Korporasi,Bank ABC,KD03,Kantor Cabang B,KSD05,Divisi Legal,KSSD01,Sub Divisi Jaringan,CIF1171,1000000171,Rudi Pratama,Korporasi,Bank ABC,KD04,Kantor Cabang C,KSD01,Divisi IT,KSSD01,Sub Divisi Jaringan,Transfer Antar Bank,Kredit,1148615,20250419,Internet Banking,2025-04-19 13:35:06,2025-04-19
CIF1072,1000000072,Dewi Lestari,Individu,Bank DEF,KD02,Kantor Cabang A,KSD04,Divisi Pemasaran,KSSD02,Sub Divisi Akuntansi,CIF1172,1000000172,CV Maju Bersama,Individu,Bank ABC,KD01,Kantor Pusat,KSD04,Divisi Pemasaran,KSSD02,Sub Divisi Akuntansi,Tarik Tunai,Kredit,2553542,20250423,Kantor Cabang,2025-04-23 12:12:46,2025-04-23
CIF1073,1000000073,PT Cahaya Abadi,Korporasi,Bank XYZ,KD01,Kantor Pusat,KSD03,Divisi Operasional,KSSD02,Sub Divisi Akuntansi,CIF1173,1000000173,Dewi Lestari,Individu,Bank XYZ,KD03,Kantor Cabang B,KSD04,Divisi Pemasaran,KSSD01,Sub Divisi Jaringan,Transfer Sesama Bank,Kredit,4038255,20250409,Teller,2025-04-09 17:26:32,2025-04-09
CIF1074,1000000074,Yayasan Harapan Bangsa,Yayasan,Bank ABC,KD01,Kantor Pusat,KSD05,Divisi Legal,KSSD03,Sub Divisi Logistik,CIF1174,1000000174,Dian Novita,Yayasan,Bank BCD,KD03,Kantor Cabang B,KSD02,Divisi Keuangan,KSSD05,Sub Divisi Hukum,Transfer Sesama Bank,Kredit,329650,20250409,Internet Banking,2025-04-09 10:27:36,2025-04-09
CIF1075,1000000075,PT Cahaya Abadi,Yayasan,Bank BCD,KD02,Kantor Cabang A,KSD04,Divisi Pemasaran,KSSD04,Sub Divisi Promosi,CIF1175,1000000175,Budi Santoso,Korporasi,Bank ABC,KD02,Kantor Cabang A,KSD03,Divisi Operasional,KSSD01,Sub Divisi Jaringan,Tarik Tunai,Debit,4100230,20250410,Mobile Banking,2025-04-10 16:21:16,2025-04-10
CIF1076,1000000076,Dewi Lestari,Korporasi,Bank DEF,KD04,Kantor Cabang C,KSD02,Divisi Keuangan,KSSD03,Sub Divisi Logistik,CIF1176,1000000176,Ani Wijaya,Yayasan,Bank XYZ,KD04,Kantor Cabang C,KSD04,Divisi Pemasaran,KSSD05,Sub Divisi Hukum,Pembayaran Tagihan,Kredit,1100479,20250426,Kantor Cabang,2025-04-26 12:20:15,2025-04-26
CIF1077,1000000077,Rudi Pratama,Individu,Bank XYZ,KD04,Kantor Cabang C,KSD01,Divisi IT,KSSD05,Sub Divisi Hukum,CIF1177,1000000177,Yayasan Harapan Bangsa,Individu,Bank XYZ,KD01,Kantor Pusat,KSD05,Divisi Legal,KSSD04,Sub Divisi Promosi,Transfer Sesama Bank,Kredit,243790,20250401,Teller,2025-04-01 13:09:01,2025-04-01
CIF1078,1000000078,CV Maju Bersama,Individu,Bank ABC,KD02,Kantor Cabang A,KSD02,Divisi Keuangan,KSSD04,Sub Divisi Promosi,CIF1178,1000000178,Budi Santoso,Korporasi,Bank DEF,KD03,Kantor Cabang B,KSD01,Divisi IT,KSSD03,Sub Divisi Logistik,Transfer Antar Bank,Debit,3196552,20250401,Mobile Banking,2025-04-01 17:46:48,2025-04-01
CIF1079,1000000079,Rudi Pratama,Korporasi,Bank ABC,KD02,Kantor Cabang A,KSD05,Divisi Legal,KSSD02,Sub Divisi Akuntansi,CIF1179,1000000179,Yayasan Harapan Bangsa,Individu,Bank DEF,KD02,Kantor Cabang A,KSD03,Divisi Operasional,KSSD01,Sub Divisi Jaringan,Transfer Sesama Bank,Debit,1556561,20250402,ATM,2025-04-02 12:32:59,2025-04-02
CIF1080,1000000080,PT Cahaya Abadi,Yayasan,Bank BCD,KD02,Kantor Cabang A,KSD01,Divisi IT,KSSD01,Sub Divisi Jaringan,CIF1180,1000000180,CV Maju Bersama,Individu,Bank ABC,KD04,Kantor Cabang C,KSD02,Divisi Keuangan,KSSD01,Sub Divisi Jaringan,Tarik Tunai,Debit,1908567,20250423,Kantor Cabang,2025-04-23 10:40:13,2025-04-23
CIF1081,1000000081,Budi Santoso,Individu,Bank BCD,KD04,Kantor Cabang C,KSD03,Divisi Operasional,KSSD04,Sub Divisi Promosi,CIF1181,1000000181,Dewi Lestari,Yayasan,Bank DEF,KD01,Kantor Pusat,KSD01,Divisi IT,KSSD05,Sub Divisi Hukum,Transfer Antar Bank,Debit,2009899,20250417,ATM,2025-04-17 15:07:43,2025-04-17
CIF1082,1000000082,Dewi Lestari,Yayasan,Bank DEF,KD02,Kantor Cabang A,KSD03,Divisi Operasional,KSSD04,Sub Divisi Promosi,CIF1182,1000000182,Yayasan Harapan Bangsa,Korporasi,Bank BCD,KD03,Kantor Cabang B,KSD03,Divisi Operasional,KSSD04,Sub Divisi Promosi,Transfer Antar Bank,Debit,3422125,20250430,ATM,2025-04-30 13:28:03,2025-04-30
CIF1083,1000000083,Rudi Pratama,Yayasan,Bank XYZ,KD03,Kantor Cabang B,KSD05,Divisi Legal,KSSD02,Sub Divisi Akuntansi,CIF1183,1000000183,CV Maju Bersama,Korporasi,Bank DEF,KD03,Kantor Cabang B,KSD04,Divisi Pemasaran,KSSD05,Sub Divisi Hukum,Pencairan Pinjaman,Kredit,4969898,20250428,Kantor Cabang,2025-04-28 16:24:57,2025-04-28
CIF1084,1000000084,Budi Santoso,Individu,Bank BCD,KD01,Kantor Pusat,KSD03,Divisi Operasional,KSSD02,Sub Divisi Akuntansi,CIF1184,1000000184,Ani Wijaya,Yayasan,Bank XYZ,KD04,Kantor Cabang C,KSD02,Divisi Keuangan,KSSD01,Sub Divisi Jaringan,Transfer Sesama Bank,Kredit,912859,20250402,Kantor Cabang,2025-04-02 13:32:35,2025-04-02
CIF1085,1000000085,Ani Wijaya,Yayasan,Bank ABC,KD02,Kantor Cabang A,KSD05,Divisi Legal,KSSD04,Sub Divisi Promosi,CIF1185,1000000185,Dewi Lestari,Yayasan,Bank ABC,KD03,Kantor Cabang B,KSD01,Divisi IT,KSSD05,Sub Divisi Hukum,Setor Tunai,Kredit,1161358,20250409,Teller,2025-04-09 12:25:50,2025-04-09
CIF1086,1000000086,Siti Aminah,Korporasi,Bank XYZ,KD01,Kantor Pusat,KSD04,Divisi Pemasaran,KSSD02,Sub Divisi Akuntansi,CIF1186,1000000186,Dian Novita,Yayasan,Bank ABC,KD03,Kantor Cabang B,KSD01,Divisi IT,KSSD02,Sub Divisi Akuntansi,Transfer Sesama Bank,Kredit,4821310,20250425,Mobile Banking,2025-04-25 11:41:27,2025-04-25
CIF1087,1000000087,Joko Susilo,Yayasan,Bank ABC,KD01,Kantor Pusat,KSD01,Divisi IT,KSSD02,Sub Divisi Akuntansi,CIF1187,1000000187,Joko Susilo,Yayasan,Bank BCD,KD03,Kantor Cabang B,KSD01,Divisi IT,KSSD04,Sub Divisi Promosi,Tarik Tunai,Kredit,4230782,20250412,Internet Banking,2025-04-12 15:58:18,2025-04-12
CIF1088,1000000088,Yayasan Harapan Bangsa,Yayasan,Bank BCD,KD04,Kantor Cabang C,KSD05,Divisi Legal,KSSD03,Sub Divisi Logistik,CIF1188,1000000188,Siti Aminah,Korporasi,Bank ABC,KD03,Kantor Cabang B,KSD02,Divisi Keuangan,KSSD03,Sub Divisi Logistik,Pembayaran Gaji,Debit,3206669,20250414,Internet Banking,2025-04-14 11:48:29,2025-04-14
CIF1089,1000000089,Ani Wijaya,Korporasi,Bank BCD,KD01,Kantor Pusat,KSD05,Divisi Legal,KSSD04,Sub Divisi Promosi,CIF1189,1000000189,Siti Aminah,Individu,Bank ABC,KD01,Kantor Pusat,KSD01,Divisi IT,KSSD02,Sub Divisi Akuntansi,Transfer Sesama Bank,Kredit,541946,20250412,Internet Banking,2025-04-12 12:00:01,2025-04-12
CIF1090,1000000090,Dewi Lestari,Individu,Bank ABC,KD03,Kantor Cabang B,KSD04,Divisi Pemasaran,KSSD01,Sub Divisi Jaringan,CIF1190,1000000190,Joko Susilo,Individu,Bank DEF,KD01,Kantor Pusat,KSD04,Divisi Pemasaran,KSSD04,Sub Divisi Promosi,Transfer Sesama Bank,Debit,3963560,20250428,Teller,2025-04-28 14:59:44,2025-04-28
CIF1091,1000000091,Budi Santoso,Individu,Bank DEF,KD04,Kantor Cabang C,KSD04,Divisi Pemasaran,KSSD02,Sub Divisi Akuntansi,CIF1191,1000000191,Budi Santoso,Individu,Bank DEF,KD02,Kantor Cabang A,KSD04,Divisi Pemasaran,KSSD01,Sub Divisi Jaringan,Pembayaran Gaji,Kredit,846004,20250415,Internet Banking,2025-04-15 13:39:36,2025-04-15
CIF1092,1000000092,Dian Novita,Yayasan,Bank BCD,KD01,Kantor Pusat,KSD02,Divisi Keuangan,KSSD04,Sub Divisi Promosi,CIF1192,1000000192,Siti Aminah,Yayasan,Bank ABC,KD04,Kantor Cabang C,KSD05,Divisi Legal,KSSD01,Sub Divisi Jaringan,Pencairan Pinjaman,Kredit,1561770,20250405,Internet Banking,2025-04-05 14:22:38,2025-04-05
CIF1093,1000000093,Siti Aminah,Yayasan,Bank BCD,KD03,Kantor Cabang B,KSD05,Divisi Legal,KSSD04,Sub Divisi Promosi,CIF1193,1000000193,Rudi Pratama,Individu,Bank ABC,KD02,Kantor Cabang A,KSD01,Divisi IT,KSSD05,Sub Divisi Hukum,Pembelian Online,Kredit,1108100,20250420,Teller,2025-04-20 16:58:31,2025-04-20
CIF1094,1000000094,Siti Aminah,Individu,Bank XYZ,KD03,Kantor Cabang B,KSD03,Divisi Operasional,KSSD04,Sub Divisi Promosi,CIF1194,1000000194,Siti Aminah,Yayasan,Bank XYZ,KD01,Kantor Pusat,KSD05,Divisi Legal,KSSD01,Sub Divisi Jaringan,Tarik Tunai,Debit,3521598,20250418,Mobile Banking,2025-04-18 16:17:11,2025-04-18
CIF1095,1000000095,Dian Novita,Individu,Bank XYZ,KD02,Kantor Cabang A,KSD04,Divisi Pemasaran,KSSD01,Sub Divisi Jaringan,CIF1195,1000000195,Joko Susilo,Korporasi,Bank DEF,KD02,Kantor Cabang A,KSD04,Divisi Pemasaran,KSSD01,Sub Divisi Jaringan,Pembayaran Tagihan,Debit,1105549,20250413,Kantor Cabang,2025-04-13 15:29:38,2025-04-13
CIF1096,1000000096,Dian Novita,Yayasan,Bank XYZ,KD03,Kantor Cabang B,KSD03,Divisi Operasional,KSSD03,Sub Divisi Logistik,CIF1196,1000000196,Dian Novita,Korporasi,Bank BCD,KD01,Kantor Pusat,KSD01,Divisi IT,KSSD05,Sub Divisi Hukum,Transfer Antar Bank,Debit,1208515,20250425,Mobile Banking,2025-04-25 09:36:22,2025-04-25
CIF1097,1000000097,PT Cahaya Abadi,Korporasi,Bank BCD,KD02,Kantor Cabang A,KSD01,Divisi IT,KSSD04,Sub Divisi Promosi,CIF1197,1000000197,CV Maju Bersama,Korporasi,Bank ABC,KD02,Kantor Cabang A,KSD02,Divisi Keuangan,KSSD05,Sub Divisi Hukum,Pembayaran Gaji,Debit,2261374,20250423,ATM,2025-04-23 16:55:45,2025-04-23
CIF1098,1000000098,Siti Aminah,Individu,Bank DEF,KD01,Kantor Pusat,KSD01,Divisi IT,KSSD05,Sub Divisi Hukum,CIF1198,1000000198,CV Maju Bersama,Individu,Bank BCD,KD02,Kantor Cabang A,KSD04,Divisi Pemasaran,KSSD02,Sub Divisi Akuntansi,Pembayaran Tagihan,Kredit,4537632,20250405,ATM,2025-04-05 14:07:49,2025-04-05
CIF1099,1000000099,Rudi Pratama,Yayasan,Bank XYZ,KD04,Kantor Cabang C,KSD05,Divisi Legal,KSSD05,Sub Divisi Hukum,CIF1199,1000000199,Budi Santoso,Korporasi,Bank ABC,KD03,Kantor Cabang B,KSD02,Divisi Keuangan,KSSD02,Sub Divisi Akuntansi,Transfer Antar Bank,Kredit,1942234,20250421,Kantor Cabang,2025-04-21 14:19:43,2025-04-21
CIF1100,1000000100,Rudi Pratama,Yayasan,Bank BCD,KD02,Kantor Cabang A,KSD05,Divisi Legal,KSSD05,Sub Divisi Hukum,CIF1200,1000000200,Rudi Pratama,Korporasi,Bank ABC,KD04,Kantor Cabang C,KSD05,Divisi Legal,KSSD02,Sub Divisi Akuntansi,Setor Tunai,Kredit,4696351,20250425,Mobile Banking,2025-04-25 13:48:24,2025-04-25
CIF1101,1000000101,PT Cahaya Abadi,Korporasi,Bank DEF,KD04,Kantor Cabang C,KSD04,Divisi Pemasaran,KSSD04,Sub Divisi Promosi,CIF1201,1000000201,Budi Santoso,Korporasi,Bank BCD,KD04,Kantor Cabang C,KSD05,Divisi Legal,KSSD02,Sub Divisi Akuntansi,Pencairan Pinjaman,Debit,4717423,20250410,Kantor Cabang,2025-04-10 17:08:45,2025-04-10
CIF1102,1000000102,Joko Susilo,Korporasi,Bank XYZ,KD03,Kantor Cabang B,KSD04,Divisi Pemasaran,KSSD05,Sub Divisi Hukum,CIF1202,1000000202,Joko Susilo,Yayasan,Bank DEF,KD01,Kantor Pusat,KSD03,Divisi Operasional,KSSD01,Sub Divisi Jaringan,Transfer Sesama Bank,Debit,1553415,20250403,Teller,2025-04-03 17:59:17,2025-04-03
CIF1103,1000000103,Siti Aminah,Yayasan,Bank BCD,KD04,Kantor Cabang C,KSD03,Divisi Operasional,KSSD03,Sub Divisi Logistik,CIF1203,1000000203,Ani Wijaya,Korporasi,Bank BCD,KD02,Kantor Cabang A,KSD04,Divisi Pemasaran,KSSD02,Sub Divisi Akuntansi,Transfer Antar Bank,Kredit,4483948,20250414,Teller,2025-04-14 12:03:48,2025-04-14
CIF1104,1000000104,Budi Santoso,Korporasi,Bank ABC,KD02,Kantor Cabang A,KSD03,Divisi Operasional,KSSD03,Sub Divisi Logistik,CIF1204,1000000204,PT Cahaya Abadi,Korporasi,Bank ABC,KD03,Kantor Cabang B,KSD05,Divisi Legal,KSSD03,Sub Divisi Logistik,Setor Tunai,Debit,2058676,20250427,Teller,2025-04-27 13:29:16,2025-04-27
CIF1105,1000000105,Ani Wijaya,Yayasan,Bank DEF,KD03,Kantor Cabang B,KSD02,Divisi Keuangan,KSSD03,Sub Divisi Logistik,CIF1205,1000000205,PT Cahaya Abadi,Yayasan,Bank BCD,KD04,Kantor Cabang C,KSD03,Divisi Operasional,KSSD04,Sub Divisi Promosi,Pembayaran Tagihan,Kredit,4078364,20250423,Mobile Banking,2025-04-23 10:16:21,2025-04-23
CIF1106,1000000106,CV Maju Bersama,Korporasi,Bank XYZ,KD04,Kantor Cabang C,KSD05,Divisi Legal,KSSD05,Sub Divisi Hukum,CIF1206,1000000206,Ani Wijaya,Korporasi,Bank DEF,KD04,Kantor Cabang C,KSD03,Divisi Operasional,KSSD02,Sub Divisi Akuntansi,Setor Tunai,Kredit,2443477,20250404,Kantor Cabang,2025-04-04 08:11:40,2025-04-04
CIF1107,1000000107,Budi Santoso,Yayasan,Bank XYZ,KD02,Kantor Cabang A,KSD05,Divisi Legal,KSSD04,Sub Divisi Promosi,CIF1207,1000000207,Dian Novita,Korporasi,Bank ABC,KD02,Kantor Cabang A,KSD04,Divisi Pemasaran,KSSD04,Sub Divisi Promosi,Pencairan Pinjaman,Kredit,2191009,20250413,Kantor Cabang,2025-04-13 15:06:08,2025-04-13
CIF1108,1000000108,CV Maju Bersama,Korporasi,Bank XYZ,KD04,Kantor Cabang C,KSD01,Divisi IT,KSSD03,Sub Divisi Logistik,CIF1208,1000000208,Dewi Lestari,Individu,Bank ABC,KD02,Kantor Cabang A,KSD05,Divisi Legal,KSSD03,Sub Divisi Logistik,Transfer Antar Bank,Kredit,1663175,20250404,Internet Banking,2025-04-04 12:34:31,2025-04-04
CIF1109,1000000109,Rudi Pratama,Yayasan,Bank ABC,KD02,Kantor Cabang A,KSD01,Divisi IT,KSSD01,Sub Divisi Jaringan,CIF1209,1000000209,Ani Wijaya,Individu,Bank BCD,KD01,Kantor Pusat,KSD02,Divisi Keuangan,KSSD01,Sub Divisi Jaringan,Transfer Antar Bank,Debit,4362589,20250421,ATM,2025-04-21 15:12:43,2025-04-21
